user_id,username,severity,category,reported_by,reported_by_id,reason,evidence
1334454587490439182,"the best cream (thebestcream)",high,other,"orsokuma",685127470625980501,"Various red flags - reported by orsokuma","https://certifriedmultitool.com/evidence/1478083925925695610_0.png"
742274334785273974,"CherrySnipes (cherrysnipes_1)",high,other,"orsokuma",685127470625980501,"Various red flags - reported by orsokuma","No image evidence - message content: `742274334785273974`"
474780704907984906,"Emery (emery_.24)",high,other,"orsokuma",685127470625980501,"Various red flags - reported by orsokuma","No image evidence - message content: `474780704907984906`"
1379615381572030516,"Vanzyn🙄 (vaneassarichardson_00488)",high,other,"collectonian",508695212554715177,"Various red flags - reported by collectonian","https://certifriedmultitool.com/evidence/1450642219668078767_0.png"
1230836294926733345,"𝐀𝐏𝐄𝐗 𝐅𝐔𝐒𝐈𝐎𝐍 𝐏𝐑𝐎𝐌𝐎 (apex_fusion)",high,other,"death420",365905620060340224,"Various red flags - reported by death420","https://certifriedmultitool.com/evidence/1443991201329184859_0.png"
400202288028844032,"fatmanztv (fatmanztv)",high,other,"orsokuma",685127470625980501,"Various red flags - reported by orsokuma","https://certifriedmultitool.com/evidence/1439337084761411765_0.png"
999954938786488351,"Anne (annesoler28_)",high,other,"joehew",174920468309082113,"Various red flags - reported by joehew","https://certifriedmultitool.com/evidence/1436521183150604389_0.png"
663325527586635797,"𝔉𝔬xy! (foxyslyyy_)",high,other,"foxvann",742452227104571414,"Various red flags - reported by foxvann","https://certifriedmultitool.com/evidence/1396157987105538148_0.png"
1209828735587586132,"Brandon Larned (aseagullow.)",high,other,"death420",365905620060340224,"Various red flags - reported by death420","No image evidence - message content: User ID: 1209828735587586132"
337872932372086784,"Jokemern (jokemern)",high,other,"wrench105",805389643801034762,"Various red flags - reported by wrench105","https://certifriedmultitool.com/evidence/1344093026343059457_0.png"
1060061384651571250,"deleted_user_20ce59d5dd15 (deleted_user_20ce59d5dd15)",high,other,"orsokuma",685127470625980501,"Various red flags - reported by orsokuma","https://certifriedmultitool.com/evidence/1329067142531907676_0.png"
1321942670117048362,"deleted_user_1bd133ef9612 (deleted_user_1bd133ef9612)",high,other,"death420",365905620060340224,"Various red flags - reported by death420","No image evidence - message content: <@1321942670117048362> 
User ID: 1321942670117048362

Impersonation of a Twitch Partner / Phishing attempts"
838870528394788904,"deleted_user_8ca1b1e91081 (deleted_user_8ca1b1e91081)",high,other,"joehew",174920468309082113,"Various red flags - reported by joehew","https://certifriedmultitool.com/evidence/1291725789494116424_0.jpg"
889550752123613194,"Unknown/Deleted User",high,other,"orsokuma",685127470625980501,"Various red flags - reported by orsokuma","https://certifriedmultitool.com/evidence/1262388412950777886_0.png"
899865437267963924,"Unknown/Deleted User",high,other,"orsokuma",685127470625980501,"Various red flags - reported by orsokuma","https://certifriedmultitool.com/evidence/1262388412950777886_0.png"
1262388118422552597,"Unknown/Deleted User",high,other,"orsokuma",685127470625980501,"Various red flags - reported by orsokuma","https://certifriedmultitool.com/evidence/1262388412950777886_0.png"
1168964497680109710,"deleted_user_7bbb318d0e89 (deleted_user_7bbb318d0e89)",high,other,"orsokuma",685127470625980501,"Various red flags - reported by orsokuma","https://certifriedmultitool.com/evidence/1262388118422552597_0.png"
962489445259571300,"deleted_user_47a0384bbf8e (deleted_user_47a0384bbf8e)",high,other,"wrench105",805389643801034762,"Various red flags - reported by wrench105","https://certifriedmultitool.com/evidence/1260323422274326548_0.png"
1252296565050179736,"deleted_user_2dc2ca99fca5 (deleted_user_2dc2ca99fca5)",high,other,"orsokuma",685127470625980501,"Various red flags - reported by orsokuma","https://certifriedmultitool.com/evidence/1257515800928190485_0.png"
344360533090238475,"i420Guy (i420guy)",high,other,"death420",365905620060340224,"Various red flags - reported by death420","https://certifriedmultitool.com/evidence/1256452609657667635_0.png"
1176584054418702407,"Emma Bella (emmabella.14)",high,other,"sheepwego",784142127171895306,"Various red flags - reported by sheepwego","https://certifriedmultitool.com/evidence/1242948105863827527_0.png"
1234980523068100711,"Hazel Vtuber (hazelvtuber0265)",high,other,"collectonian",508695212554715177,"Various red flags - reported by collectonian","No image evidence - message content: 1234980523068100711"
826176197095719032,"deleted_user_82c97d44e0e0 (deleted_user_82c97d44e0e0)",high,other,"orsokuma",685127470625980501,"Various red flags - reported by orsokuma","https://certifriedmultitool.com/evidence/1234480592796782622_0.png"
494654464259653645,"deleted_user_30237338248e (deleted_user_30237338248e)",high,other,"joehew",174920468309082113,"Various red flags - reported by joehew","https://certifriedmultitool.com/evidence/1230933291922882721_0.jpg"
1115591574479458421,"Garcia21 (garcia6544)",high,other,"yourwelshprincess",1049686866414280734,"Various red flags - reported by yourwelshprincess","https://certifriedmultitool.com/evidence/1230211328120193104_0.jpg | https://certifriedmultitool.com/evidence/1230211328120193104_1.jpg | https://certifriedmultitool.com/evidence/1230211328120193104_2.jpg"
408995145657221140,"deleted_user_ad216b665105 (deleted_user_ad216b665105)",high,other,"mineycart",534127122827051028,"Various red flags - reported by mineycart","https://certifriedmultitool.com/evidence/1228745533154398308_0.png | https://certifriedmultitool.com/evidence/1228745533154398308_1.png"
1201129044121485384,"Vivian Grace (viviangrace0607_01490)",high,other,"orsokuma",685127470625980501,"Various red flags - reported by orsokuma","https://certifriedmultitool.com/evidence/1227230327575941310_0.png"
485930298412892180,"jisi (jisii)",high,other,"arturiafayth",132995743177768961,"Various red flags - reported by arturiafayth","No image evidence - message content: 485930298412892180 Link spammer for virus infected adobe"
489882016809091072,"jamie (jades72)",high,other,"death420",365905620060340224,"Various red flags - reported by death420","No image evidence - message content: 489882016809091072
Phishing link spammer / hijacked account"
1178783723181850654,"❈  🎀  𝒾𝓃𝒶𝓎𝒶𝒜𝓋𝒶  🎀  ❈ (inaya_ava3)",high,other,"death420",365905620060340224,"Various red flags - reported by death420","No image evidence - message content: 1178783723181850654

1146565855786836038

Gfx artist / spammer"
1146565855786836038,"⋆ strike ⋆ (inaya_ava10)",high,other,"death420",365905620060340224,"Various red flags - reported by death420","No image evidence - message content: 1178783723181850654

1146565855786836038

Gfx artist / spammer"
825441611135713290,"nightwing123245 (nightwing123245)",high,other,"maple_sedai",630887355414478878,"Various red flags - reported by maple_sedai","No image evidence - message content: 825441611135713290

Discord bot spamming for $50 steam cards"
181498520824578048,"deleted_user_b36eff2cf389 (deleted_user_b36eff2cf389)",high,other,"seelenmorder",462315941045469211,"Various red flags - reported by seelenmorder","https://certifriedmultitool.com/evidence/1205833703016628264_0.jpg"
901686554030903328,"Unknown/Deleted User",high,other,"mineycart",534127122827051028,"Various red flags - reported by mineycart","No image evidence - message content: The Valhiem Video Game Discord got hacked through one their bots.
Standard do not click on links applies.
Likely only relevant to some people here but"
306752459399888896,"Harrah (harrascasinohotel)",high,other,"maple_sedai",630887355414478878,"Various red flags - reported by maple_sedai","No image evidence - message content: Discord user ID: 306752459399888896

This person keeps joining a friend's discord and posting porn stuff. They keep getting banned and he's had to loc"
1168309521039499378,"JACK ✔ (jackey0_0)",high,other,"yourwelshprincess",1049686866414280734,"Various red flags - reported by yourwelshprincess","https://certifriedmultitool.com/evidence/1199742815207440434_0.jpg"
492140129855733787,"ShaubyP (shaubyp)",high,other,"orsokuma",685127470625980501,"Various red flags - reported by orsokuma","No image evidence - message content: UserID `492140129855733787`
Posting links to spam/exploit Discords (another ""OnlyFans"" one)
Wasn't able to grab a screenshot before another moderator "
1009967945407012884,"Tizzy_ProExpert✅💛 (tizzy_proexpert)",high,other,"shelkie",741558619547500615,"Various red flags - reported by shelkie","https://certifriedmultitool.com/evidence/1198936468526215250_0.png"
957491067933052938,"Unknown/Deleted User",high,other,"noobst3r",765967923164479488,"Various red flags - reported by noobst3r","No image evidence - message content: https://discord.com/channels/889550752123613194/957491067933052938/1112062931157389503"
1112062931157389503,"Unknown/Deleted User",high,other,"noobst3r",765967923164479488,"Various red flags - reported by noobst3r","No image evidence - message content: https://discord.com/channels/889550752123613194/957491067933052938/1112062931157389503"
792417931425218580,"Unknown/Deleted User",high,other,"vpsdata",322722087070466048,"Various red flags - reported by vpsdata","No image evidence - message content: unless you give it away for a reason, there is no such thing as giving free stuff away on request, mainly not from random people <:blob_sweat:79241793"
1161458790051364875,"deleted_user_188d6d5e8250 (deleted_user_188d6d5e8250)",high,other,"yourwelshprincess",1049686866414280734,"Various red flags - reported by yourwelshprincess","https://certifriedmultitool.com/evidence/1193911890238251068_0.png | https://certifriedmultitool.com/evidence/1193911890238251068_1.png"
1193495431733334098,"rona (rona0620)",high,other,"vpsdata",322722087070466048,"Various red flags - reported by vpsdata","https://certifriedmultitool.com/evidence/1193868470379610192_0.png"
1136633667490426960,"Leeshami (leeshami)",high,other,"vpsdata",322722087070466048,"Various red flags - reported by vpsdata","https://certifriedmultitool.com/evidence/1192903679297208340_0.png"
1180498766403477559,"Mr dice (mrdice0421)",high,other,"yourwelshprincess",1049686866414280734,"Various red flags - reported by yourwelshprincess","https://certifriedmultitool.com/evidence/1184090813446230086_0.jpg"
1141822719604834466,"N4S (n4sclan)",high,other,"joehew",174920468309082113,"Various red flags - reported by joehew","https://certifriedmultitool.com/evidence/1182377057703972965_0.png"
642864429943488515,"deleted_user_6bd6db41297b (deleted_user_6bd6db41297b)",high,other,"joehew",174920468309082113,"Various red flags - reported by joehew","https://certifriedmultitool.com/evidence/1181291098463817848_0.png"
1180594549509328917,"deleted_user_04313d34aad7 (deleted_user_04313d34aad7)",high,other,"mineycart",534127122827051028,"Various red flags - reported by mineycart","No image evidence - message content: `1180594549509328917` 
Your standard oops i reported your steam scammer"
1133074560082788473,"Tracy Falcon (tracyfalcon)",high,other,"deathgirl1",310550359233921035,"Various red flags - reported by deathgirl1","https://certifriedmultitool.com/evidence/1178136513243000973_0.png"
965779061316149301,"deleted_user_1e189a012b6a (deleted_user_1e189a012b6a)",high,other,"deathgirl1",310550359233921035,"Various red flags - reported by deathgirl1","https://certifriedmultitool.com/evidence/1175117712540844052_0.png"
440108203741544459,"N77356S25471 (n77356s25471)",high,other,"orsokuma",685127470625980501,"Various red flags - reported by orsokuma","https://certifriedmultitool.com/evidence/1167855786559545485_0.png"
1155143893566881866,"Melissa_Rob. (melissa_rob._94796)",high,other,"orsokuma",685127470625980501,"Various red flags - reported by orsokuma","https://certifriedmultitool.com/evidence/1163907430095270059_0.png"
1146935829156085822,"Stella Cox (stellacox110)",high,other,"orsokuma",685127470625980501,"Various red flags - reported by orsokuma","https://certifriedmultitool.com/evidence/1162500136832872538_0.png"
997363093795504130,"rockstargee20 (rockstargee20)",high,other,"orsokuma",685127470625980501,"Various red flags - reported by orsokuma","https://certifriedmultitool.com/evidence/1159228945640718367_0.png"
371673210917355522,"Elizia Olsen (elisa_._.0_)",high,other,"death420",365905620060340224,"Various red flags - reported by death420","https://certifriedmultitool.com/evidence/1155321362282451034_0.png"
946102915322478602,"TheBladeBoy (thebladeboy)",high,other,"yourwelshprincess",1049686866414280734,"Various red flags - reported by yourwelshprincess","https://certifriedmultitool.com/evidence/1146419530873180221_0.jpg | https://certifriedmultitool.com/evidence/1146419530873180221_1.jpg"
1090348903276220418,"artist mary (artistmary.)",high,other,"death420",365905620060340224,"Various red flags - reported by death420","No image evidence - message content: <@1090348903276220418> 
Uder ID: 1090348903276220418

Artist spammer"
968207642227007508,"Deleted User 91c2ea71 (Deleted User 91c2ea71)",high,other,"orsokuma",685127470625980501,"Various red flags - reported by orsokuma","https://certifriedmultitool.com/evidence/1141818364738687016_0.png"
268480189065986059,"Draco (dracostarscale)",high,other,"littgame83",598218835870351405,"Various red flags - reported by littgame83","https://certifriedmultitool.com/evidence/1139325045630578788_0.png | https://certifriedmultitool.com/evidence/1139325045630578788_1.png | https://certifriedmultitool.com/evidence/1139325045630578788_2.png"
1136718796388827159,"emicakei125 (emicakei)",high,other,"seelenmorder",462315941045469211,"Various red flags - reported by seelenmorder","No image evidence - message content: 1136718796388827159 soliciting art in DM after unsolicited friend request."
1130778939606962206,"deleted_user_f09036e6dbfd (deleted_user_f09036e6dbfd)",high,other,"death420",365905620060340224,"Various red flags - reported by death420","No image evidence - message content: Salony
Discord ID: '1130778939606962206'

Steam scammer"
1001440126171361382,"Nickey (nickeyyt)",high,other,"joehew",174920468309082113,"Various red flags - reported by joehew","https://certifriedmultitool.com/evidence/1122232880823804075_0.jpg"
907417639209566248,"Onlion (onlion.)",high,other,"death420",365905620060340224,"Various red flags - reported by death420","No image evidence - message content: Discord ID: `907417639209566248`
No shared servers / no shared friends: Friend request out of the blue.
Check out their profile: ""Artista y Productor"""
1086295068442378291,"deleted_user_096bff3cd303 (deleted_user_096bff3cd303)",high,other,"orsokuma",685127470625980501,"Various red flags - reported by orsokuma","No image evidence - message content: Discord IDs: `1086295068442378291`, `557876807144046596`
Known doxxer and Twitch viewbotter.

Their local authorities have been notified

https://disc"
557876807144046596,"Isra84 (isra84_)",high,other,"orsokuma",685127470625980501,"Various red flags - reported by orsokuma","No image evidence - message content: Discord IDs: `1086295068442378291`, `557876807144046596`
Known doxxer and Twitch viewbotter.

Their local authorities have been notified

https://disc"
967023695589675039,"Subeta (subeta9906)",high,other,"yourwelshprincess",1049686866414280734,"Various red flags - reported by yourwelshprincess","https://certifriedmultitool.com/evidence/1111998224186748958_0.jpg | https://certifriedmultitool.com/evidence/1111998224186748958_1.jpg | https://certifriedmultitool.com/evidence/1111998224186748958_2.jpg | https://certifriedmultitool.com/evidence/1111998224186748958_3.jpg"
164909914374930434,"Sera (yzrch)",high,other,"yourwelshprincess",1049686866414280734,"Various red flags - reported by yourwelshprincess","https://certifriedmultitool.com/evidence/1111998224186748958_0.jpg | https://certifriedmultitool.com/evidence/1111998224186748958_1.jpg | https://certifriedmultitool.com/evidence/1111998224186748958_2.jpg | https://certifriedmultitool.com/evidence/1111998224186748958_3.jpg"
649021681398054922,"Bogo (mfbogo)",high,other,"joehew",174920468309082113,"Various red flags - reported by joehew","No image evidence - message content: 649021681398054922 
1086295068442378291 
980719203176816662
459281050435059713
229660076359680000"
980719203176816662,"deleted_user_b1ad0c7c4b8c (deleted_user_b1ad0c7c4b8c)",high,other,"joehew",174920468309082113,"Various red flags - reported by joehew","No image evidence - message content: 649021681398054922 
1086295068442378291 
980719203176816662
459281050435059713
229660076359680000"
459281050435059713,"everything is fake (abitterpain)",high,other,"joehew",174920468309082113,"Various red flags - reported by joehew","No image evidence - message content: 649021681398054922 
1086295068442378291 
980719203176816662
459281050435059713
229660076359680000"
229660076359680000,". (578437543903)",high,other,"joehew",174920468309082113,"Various red flags - reported by joehew","No image evidence - message content: 649021681398054922 
1086295068442378291 
980719203176816662
459281050435059713
229660076359680000"
985306773529456641,"Lilly_Cooper (originallillycooper)",high,other,"sheepwego",784142127171895306,"Various red flags - reported by sheepwego","No image evidence - message content: Trying to sell art to a mate of mine:     Charlotte_charles#4128   ,  Lilly_Cooper#7144     ID's: 985306773529456641  , 1034587247468617759"
1034587247468617759,"charlotte_charles (charlotte_charles)",high,other,"sheepwego",784142127171895306,"Various red flags - reported by sheepwego","No image evidence - message content: Trying to sell art to a mate of mine:     Charlotte_charles#4128   ,  Lilly_Cooper#7144     ID's: 985306773529456641  , 1034587247468617759"
1048338889955364934,"avaadom (avaadom)",high,other,"joehew",174920468309082113,"Various red flags - reported by joehew","No image evidence - message content: 1048338889955364934"
1094379004838019264,"Nicholas_48 (nicholas_48_)",high,other,"joehew",174920468309082113,"Various red flags - reported by joehew","https://certifriedmultitool.com/evidence/1098986642800377917_0.png"
629291784861777920,"Wish Wonders (Ori) (ori_boardwalk)",high,other,"demoniarae",357266048770244628,"Various red flags - reported by demoniarae","No image evidence - message content: Ori Boardwalk
Main acct: 629291784861777920
Alt acct: 857524119347134484
-Creepy, stalker like behavior and continuously sending unsolicited DMs after"
857524119347134484,"deleted_user_ad3e78402ec5 (deleted_user_ad3e78402ec5)",high,other,"demoniarae",357266048770244628,"Various red flags - reported by demoniarae","No image evidence - message content: Ori Boardwalk
Main acct: 629291784861777920
Alt acct: 857524119347134484
-Creepy, stalker like behavior and continuously sending unsolicited DMs after"
922762407124828202,"USER (user9997979)",high,other,"joehew",174920468309082113,"Various red flags - reported by joehew","https://certifriedmultitool.com/evidence/1098652492218236969_0.jpg | https://certifriedmultitool.com/evidence/1098652492218236969_1.jpg | https://certifriedmultitool.com/evidence/1098652492218236969_2.jpg"
1015176914803105822,"clintonwaller (clintonwaller)",high,other,"axiiasto",687831251012681798,"Various red flags - reported by axiiasto","https://certifriedmultitool.com/evidence/1098334558228848860_0.png | https://certifriedmultitool.com/evidence/1098334558228848860_1.png | https://certifriedmultitool.com/evidence/1098334558228848860_2.png | https://certifriedmultitool.com/evidence/1098334558228848860_3.png | https://certifriedmultitool.com/evidence/1098334558228848860_4.png"
1044453580628824074,"Unknown/Deleted User",high,other,"axiiasto",687831251012681798,"Various red flags - reported by axiiasto","No image evidence - message content: To everyone with Discord servers, they are rolling out with a new voice message feature. Just so you're aware, this can be a dangerous feature to gran"
1067259988445237300,"deleted_user_593b19498f87 (deleted_user_593b19498f87)",high,other,"julesmm",465585651232931871,"Various red flags - reported by julesmm","No image evidence - message content: ""big blue cat"" 1067259988445237300 
- hateful messages"
1037266257877147689,"Balea*~*studio (balea_studio)",high,other,"axiiasto",687831251012681798,"Various red flags - reported by axiiasto","No image evidence - message content: Here are several Discord IDs of graphic artists that have made their way into my server.
1037266257877147689
1065026021805531227
1053020017945481267
1"
1065026021805531227,"Ashley_vtuber (ashley_vtuber)",high,other,"axiiasto",687831251012681798,"Various red flags - reported by axiiasto","No image evidence - message content: Here are several Discord IDs of graphic artists that have made their way into my server.
1037266257877147689
1065026021805531227
1053020017945481267
1"
1053020017945481267,"Kelly_gfx (kelly_gfx)",high,other,"axiiasto",687831251012681798,"Various red flags - reported by axiiasto","No image evidence - message content: Here are several Discord IDs of graphic artists that have made their way into my server.
1037266257877147689
1065026021805531227
1053020017945481267
1"
1064408375997247519,"amanda_james27 (amanda_james)",high,other,"axiiasto",687831251012681798,"Various red flags - reported by axiiasto","No image evidence - message content: Here are several Discord IDs of graphic artists that have made their way into my server.
1037266257877147689
1065026021805531227
1053020017945481267
1"
1047500214090612766,"minne7614 (minne7614)",high,other,"axiiasto",687831251012681798,"Various red flags - reported by axiiasto","No image evidence - message content: Here are several Discord IDs of graphic artists that have made their way into my server.
1037266257877147689
1065026021805531227
1053020017945481267
1"
1087795529234272442,"deleted_user_784c72aa5243 (deleted_user_784c72aa5243)",high,other,"axiiasto",687831251012681798,"Various red flags - reported by axiiasto","No image evidence - message content: Here are several Discord IDs of graphic artists that have made their way into my server.
1037266257877147689
1065026021805531227
1053020017945481267
1"
1086005061425041519,"deleted_user_ea7238491c20 (deleted_user_ea7238491c20)",high,other,"axiiasto",687831251012681798,"Various red flags - reported by axiiasto","No image evidence - message content: Here are several Discord IDs of graphic artists that have made their way into my server.
1037266257877147689
1065026021805531227
1053020017945481267
1"
874711686429438012,"Artist.Layla (artist.layla)",high,other,"axiiasto",687831251012681798,"Various red flags - reported by axiiasto","No image evidence - message content: Here are several Discord IDs of graphic artists that have made their way into my server.
1037266257877147689
1065026021805531227
1053020017945481267
1"
1071502505810345984,"deleted_user_c9f3c7422139 (deleted_user_c9f3c7422139)",high,other,"axiiasto",687831251012681798,"Various red flags - reported by axiiasto","No image evidence - message content: Here are several Discord IDs of graphic artists that have made their way into my server.
1037266257877147689
1065026021805531227
1053020017945481267
1"
903022083599134761,"alice (alice_daniel)",high,other,"axiiasto",687831251012681798,"Various red flags - reported by axiiasto","No image evidence - message content: Here are several Discord IDs of graphic artists that have made their way into my server.
1037266257877147689
1065026021805531227
1053020017945481267
1"
1066025060407705681,"Eliza Harper (elizaharper)",high,other,"mineycart",534127122827051028,"Various red flags - reported by mineycart","No image evidence - message content: `1066025060407705681`
graphic artist"
397212681985327104,"deleted_user_5e32321a53cd (deleted_user_5e32321a53cd)",high,other,"joehew",174920468309082113,"Various red flags - reported by joehew","https://certifriedmultitool.com/evidence/1088328240977936465_0.jpg"
1075795021506285680,"destiny. (destiny.1730)",high,other,"joehew",174920468309082113,"Various red flags - reported by joehew","https://certifriedmultitool.com/evidence/1087765771335250001_0.jpg | https://certifriedmultitool.com/evidence/1087765771335250001_1.jpg"
1086348849741836348,"Unknown/Deleted User",high,other,"queenofhearts710",484540877910573068,"Various red flags - reported by queenofhearts710","No image evidence - message content: Discord Id : 1086348849741836348"
809476416654540810,"deleted_user_cc5dc236242a (deleted_user_cc5dc236242a)",high,other,"mineycart",534127122827051028,"Various red flags - reported by mineycart","No image evidence - message content: `809476416654540810`
Spamming sexually explicit content in GIF form"
1079568091199053856,"deleted_user_8152d71eda68 (deleted_user_8152d71eda68)",high,other,"drewbusi",753529965579862016,"Various red flags - reported by drewbusi","https://certifriedmultitool.com/evidence/1079572218192875520_0.png"
733731507151306824,"deleted_user_28f4c04e30f1 (deleted_user_28f4c04e30f1)",high,other,"death420",365905620060340224,"Various red flags - reported by death420","No image evidence - message content: <@733731507151306824> 
User id: `733731507151306824`- another ""pornographic"" discord link spammer"
645324611826876427,"deleted_user_b462648ed1f8 (deleted_user_b462648ed1f8)",high,other,"fluffythewalrus",169224065494679552,"Various red flags - reported by fluffythewalrus","No image evidence - message content: ⁨Blue-raider⁩#7288 (645324611826876427)  posted links to pornographic materials"
1068408499073208410,"Unknown/Deleted User",high,other,"queenofhearts710",484540877910573068,"Various red flags - reported by queenofhearts710","No image evidence - message content: id number : 1068408499073208410"
798900523972820992,"deleted_user_bd033b25f4da (deleted_user_bd033b25f4da)",high,other,"fluffythewalrus",169224065494679552,"Various red flags - reported by fluffythewalrus","No image evidence - message content: Nope#0009 (798900523972820992) posted horrifying gory material in my Discord"
1064286880444711084,"Unknown/Deleted User",high,other,"queenofhearts710",484540877910573068,"Various red flags - reported by queenofhearts710","No image evidence - message content: Discord id: 1064286880444711084"
484540877910573068,"👑𝓠𝓾𝓮𝓮𝓷𝓞𝓯𝓗𝓮𝓪𝓻𝓽𝓼710👑 (queenofhearts710)",high,other,"joehew",174920468309082113,"Various red flags - reported by joehew","No image evidence - message content: <@484540877910573068>, could you please share their Discord ID?"
1063843587135127624,"Unknown/Deleted User",high,other,"death420",365905620060340224,"Various red flags - reported by death420","No image evidence - message content: Discord id: 1063843587135127624
Steam scam profile"
1036642802697777202,"Deleted User 1a902f9f (Deleted User 1a902f9f)",high,other,"joehew",174920468309082113,"Various red flags - reported by joehew","https://certifriedmultitool.com/evidence/1061269593815003247_0.jpg"
816741498581811255,"Tyrannos1993 (tyrannos1997)",high,other,"mineycart",534127122827051028,"Various red flags - reported by mineycart","https://certifriedmultitool.com/evidence/1057020300455317534_0.png | https://certifriedmultitool.com/evidence/1057020300455317534_1.png | https://certifriedmultitool.com/evidence/1057020300455317534_2.png | https://certifriedmultitool.com/evidence/1057020300455317534_3.png"
927675033902530652,"kenneth51801 (kenneth51801)",high,other,"mineycart",534127122827051028,"Various red flags - reported by mineycart","No image evidence - message content: Discord id: `927675033902530652`
Twitch username: `kenneth51801`

Sexually harassing one of my underage female swords and asking impertinent questions"
547014366860410880,"BB (.elcono)",high,other,"mrfluffynl",181886583983702016,"Various red flags - reported by mrfluffynl","No image evidence - message content: el cono 547014366860410880
Goobman 277621699510403084
N0odle 277268519547043842

Toxic people who harass people in discord after harassing on Twitch
B"
277621699510403084,"Goobman (.goobman)",high,other,"mrfluffynl",181886583983702016,"Various red flags - reported by mrfluffynl","No image evidence - message content: el cono 547014366860410880
Goobman 277621699510403084
N0odle 277268519547043842

Toxic people who harass people in discord after harassing on Twitch
B"
277268519547043842,"N0odle (n0odle_0000)",high,other,"mrfluffynl",181886583983702016,"Various red flags - reported by mrfluffynl","No image evidence - message content: el cono 547014366860410880
Goobman 277621699510403084
N0odle 277268519547043842

Toxic people who harass people in discord after harassing on Twitch
B"
747809055762022411,"Unknown/Deleted User",high,other,"littgame83",598218835870351405,"Various red flags - reported by littgame83","No image evidence - message content: I’ve been told that there’s a scam going around in DMs at the moment that looks like this. 

https://media.discordapp.net/attachments/7478090557620224"
1042949857888981022,"Unknown/Deleted User",high,other,"littgame83",598218835870351405,"Various red flags - reported by littgame83","No image evidence - message content: I’ve been told that there’s a scam going around in DMs at the moment that looks like this. 

https://media.discordapp.net/attachments/7478090557620224"
1023557005912330301,"Deleted User dfc3739a (Deleted User dfc3739a)",high,other,"orsokuma",685127470625980501,"Various red flags - reported by orsokuma","No image evidence - message content: ?ban 1023557005912330301 Nitro scam bot"
894549713087500319,"Deleted User 1456a54d (Deleted User 1456a54d)",high,other,"death420",365905620060340224,"Various red flags - reported by death420","No image evidence - message content: `894549713087500319`

Discord spam / phishing bot - attempts to collect info by telling you ""discord has gifted you a free nitro boost"""
348870586312818690,"Benji (b.enji)",high,other,"mineycart",534127122827051028,"Various red flags - reported by mineycart","No image evidence - message content: ```348870586312818690```
```1034642414985555989```
2 horrible people who have targeted harassed people to a serious degree to the point where the poli"
1034642414985555989,"Jalon (jalon8480)",high,other,"mineycart",534127122827051028,"Various red flags - reported by mineycart","No image evidence - message content: ```348870586312818690```
```1034642414985555989```
2 horrible people who have targeted harassed people to a serious degree to the point where the poli"
1023388803693559840,"Deleted User 1e7eb5ee (Deleted User 1e7eb5ee)",high,other,"death420",365905620060340224,"Various red flags - reported by death420","https://certifriedmultitool.com/evidence/1038638759966674965_0.png"
751411247538372669,"febriyani (febriyani0249)",high,other,"mineycart",534127122827051028,"Various red flags - reported by mineycart","No image evidence - message content: `751411247538372669`
Spamming discord spam links"
887377465612312596,"Deleted User af8fd3cf (Deleted User af8fd3cf)",high,other,"death420",365905620060340224,"Various red flags - reported by death420","https://certifriedmultitool.com/evidence/1024051631173664809_0.png"
672863662922268684,"Vaping_Whovian (vaping_whovian)",high,other,"queenofhearts710",484540877910573068,"Various red flags - reported by queenofhearts710","No image evidence - message content: I know I been spreading it around to warn as well <@672863662922268684>"
993243435391791194,"BLAZ3 (xblazzey)",high,other,"mineycart",534127122827051028,"Various red flags - reported by mineycart","https://certifriedmultitool.com/evidence/1004036103126397069_0.png"
809120343239032863,"NOCAPBASIL (nocapbasil5992)",high,other,"death420",365905620060340224,"Various red flags - reported by death420","https://certifriedmultitool.com/evidence/1001867294416326717_0.png"
625865941065924619,"Chaotic (damagedchaos.)",high,other,"joehew",174920468309082113,"Various red flags - reported by joehew","https://certifriedmultitool.com/evidence/1000902129533341716_0.jpg"
219203684188422144,"Clutch World (clutchworld)",high,other,"death420",365905620060340224,"Various red flags - reported by death420","No image evidence - message content: Username: `JaClutch#7714` Discord ID: `219203684188422144` - hacker, troll, doxxing - tried to publicly display my home address to a general channel a"
384541554313920512,"Cant get me on the line (ironsacc)",high,other,"death420",365905620060340224,"Various red flags - reported by death420","No image evidence - message content: Username: `JaClutch#7714` Discord ID: `219203684188422144` - hacker, troll, doxxing - tried to publicly display my home address to a general channel a"
406880348333539331,"Lou (ghostlad777)",high,other,"death420",365905620060340224,"Various red flags - reported by death420","No image evidence - message content: Username: `JaClutch#7714` Discord ID: `219203684188422144` - hacker, troll, doxxing - tried to publicly display my home address to a general channel a"
994176100831867006,"deleted_user_1608f410180b (deleted_user_1608f410180b)",high,other,"orsokuma",685127470625980501,"Various red flags - reported by orsokuma","https://certifriedmultitool.com/evidence/994194413448331344_0.png"
1542724962393505792,"Unknown/Deleted User",high,other,"mineycart",534127122827051028,"Various red flags - reported by mineycart","No image evidence - message content: New thing *sigh*
https://twitter.com/ARC_Automaton/status/1542724962393505792?t=RLiFYdg1Jh657dX--GIuUQ&s=19"
982468788349984768,"deleted_user_5cce095c41c8 (deleted_user_5cce095c41c8)",high,other,"mineycart",534127122827051028,"Various red flags - reported by mineycart","https://certifriedmultitool.com/evidence/991467862051012660_0.png"
978828019336634480,"Unknown/Deleted User",high,other,"mineycart",534127122827051028,"Various red flags - reported by mineycart","No image evidence - message content: Here's a few for you
`978828019336634480` - troublemaker (invited troll accounts in) [ACCOUNT DELETED]
`394871587062677504` - invited more troll accou"
394871587062677504,"tobee369 (tobeeisverycool369)",high,other,"mineycart",534127122827051028,"Various red flags - reported by mineycart","No image evidence - message content: Here's a few for you
`978828019336634480` - troublemaker (invited troll accounts in) [ACCOUNT DELETED]
`394871587062677504` - invited more troll accou"
412282715149172736,"loud (loud99)",high,other,"mineycart",534127122827051028,"Various red flags - reported by mineycart","No image evidence - message content: Here's a few for you
`978828019336634480` - troublemaker (invited troll accounts in) [ACCOUNT DELETED]
`394871587062677504` - invited more troll accou"
818920746322755626,"Nixie (nixie_the_lynxie)",high,other,"mineycart",534127122827051028,"Various red flags - reported by mineycart","No image evidence - message content: Here's a few for you
`978828019336634480` - troublemaker (invited troll accounts in) [ACCOUNT DELETED]
`394871587062677504` - invited more troll accou"
663081167125217340,"deleted_user_c1e98f3e0e56 (deleted_user_c1e98f3e0e56)",high,other,"mineycart",534127122827051028,"Various red flags - reported by mineycart","No image evidence - message content: Here's a few for you
`978828019336634480` - troublemaker (invited troll accounts in) [ACCOUNT DELETED]
`394871587062677504` - invited more troll accou"
839763885657817128,"deleted_user_54e6db31b4e4 (deleted_user_54e6db31b4e4)",high,other,"death420",365905620060340224,"Various red flags - reported by death420","No image evidence - message content: Troll: Hopping into live streamer's vc channels in discords just to yell the N word repeatedly 
Username: `posin3/5#6830`
ID: `839763885657817128`"
804151021034536971,"deleted_user_09ff94727b8b (deleted_user_09ff94727b8b)",high,other,"mineycart",534127122827051028,"Various red flags - reported by mineycart","https://certifriedmultitool.com/evidence/978655449316458566_0.png"
958749357388222554,"Kanachok (kanachok7701)",high,other,"death420",365905620060340224,"Various red flags - reported by death420","No image evidence - message content: `/ban 958749357388222554 Phishing attempts / Steam Scams are not permitted` (/ban is a built-in command in discord)
Another one for ya
Display name: `"
348496085381283852,"𝓤𝓻𝓼𝓾𝓼 (ursus_4455)",high,other,"orsokuma",685127470625980501,"Various red flags - reported by orsokuma","No image evidence - message content: Just had a compromised account spam us with phishing links; Display name: ""Ursus#0001"" (lul, nice pun there)
Discord ID: `348496085381283852`

For tho"
859802018197143622,"Unknown/Deleted User",high,other,"blueishmeteor",141281787530706944,"Various red flags - reported by blueishmeteor","No image evidence - message content: Stay safe all! <:PlushHeart:859802018197143622>"
1401842785245728818,"Tofusnuggles (tufosnuggles.1)",high,spam,"joehew",174920468309082113,"GFX spammer - reported by joehew","https://certifriedmultitool.com/evidence/1442859239638040637_0.png"
1143212062013661316,"Mellany (mellany1105_)",high,spam,"emeribd",662890344681177098,"GFX spammer - reported by emeribd","No image evidence - message content: 1143212062013661316"
1185323984141697189,"Elira Marine 🥀 (eliramarine08826)",high,spam,"orsokuma",685127470625980501,"GFX spammer - reported by orsokuma","https://certifriedmultitool.com/evidence/1265086195700990073_0.png"
1044968528421335060,"janifar (janifar07)",high,spam,"orsokuma",685127470625980501,"GFX spammer - reported by orsokuma","https://certifriedmultitool.com/evidence/1257763397101948978_0.png"
1044280778697220129,"zenodi jones (zenodi_jones2)",high,spam,"joehew",174920468309082113,"GFX spammer - reported by joehew","https://certifriedmultitool.com/evidence/1250189336549527552_0.jpg"
1242882486577664101,"⋆ 🐯  🎀  𝒯𝑒𝓈𝓈𝒶  🎀  🐯 ⋆ (sandytessa_94931)",high,spam,"orsokuma",685127470625980501,"GFX spammer - reported by orsokuma","https://certifriedmultitool.com/evidence/1247662173073702914_0.png"
1208519101719511123,"Kristi (kristii_00)",high,spam,"joehew",174920468309082113,"GFX spammer - reported by joehew","https://certifriedmultitool.com/evidence/1242971432015892552_0.png"
1146221212968689735,"Maeve (chloe77733)",high,spam,"orsokuma",685127470625980501,"GFX spammer - reported by orsokuma","https://certifriedmultitool.com/evidence/1242224746003959879_0.png"
1216868783063302206,"Kat Sims (katsims_946)",high,spam,"orsokuma",685127470625980501,"GFX spammer - reported by orsokuma","https://certifriedmultitool.com/evidence/1242174110872899604_0.png"
950063302560591872,"deleted_user_3c48ad4b5a7c (deleted_user_3c48ad4b5a7c)",high,spam,"joehew",174920468309082113,"GFX spammer - reported by joehew","https://certifriedmultitool.com/evidence/1234296411298992259_0.png"
768808435310788628,"FORGER (loidforger79)",high,spam,"orsokuma",685127470625980501,"GFX spammer - reported by orsokuma","https://certifriedmultitool.com/evidence/1233960761617940521_0.png"
1082549950707142676,"Mia_ (mia_cozbe)",high,spam,"mineycart",534127122827051028,"GFX spammer - reported by mineycart","https://certifriedmultitool.com/evidence/1233063298690322473_0.png"
1105102707657814027,"Artfinity (eteator18e3)",high,spam,"orsokuma",685127470625980501,"GFX spammer - reported by orsokuma","https://certifriedmultitool.com/evidence/1230214773975547935_0.png"
964751249746579476,"Raw_Eviee <3 (eeve3_vivi)",high,spam,"orsokuma",685127470625980501,"GFX spammer - reported by orsokuma","https://certifriedmultitool.com/evidence/1230194049965752420_0.png"
1101966335312937123,"anjelinajospeh (anjelinajospeh)",high,spam,"joehew",174920468309082113,"GFX spammer - reported by joehew","https://certifriedmultitool.com/evidence/1220100534149583069_0.png"
1151491236293775410,"lillyrose (lilly_.rose)",high,spam,"mineycart",534127122827051028,"GFX spammer - reported by mineycart","https://certifriedmultitool.com/evidence/1217961441626296432_0.png"
1185336499592507412,"Alathir (alathirk)",high,spam,"vpsdata",322722087070466048,"GFX spammer - reported by vpsdata","https://certifriedmultitool.com/evidence/1215013418692649091_0.png"
555126192500637716,"Sakura sui (sakura_sui54)",high,spam,"orsokuma",685127470625980501,"GFX spammer - reported by orsokuma","https://certifriedmultitool.com/evidence/1212873815118446663_0.png"
1190676523011805285,"Anna (anna04845)",high,spam,"seelenmorder",462315941045469211,"GFX spammer - reported by seelenmorder","https://certifriedmultitool.com/evidence/1210683726401507348_0.jpg"
494932877902086155,"mickeymina (mickey8416)",high,spam,"joehew",174920468309082113,"GFX spammer - reported by joehew","https://certifriedmultitool.com/evidence/1196611423040720946_0.jpg"
1073369122588606567,"Rozicaaa (rozicaa)",high,spam,"vpsdata",322722087070466048,"GFX spammer - reported by vpsdata","https://certifriedmultitool.com/evidence/1195243513466601512_0.png"
1142922479640268920,"deleted_user_8cbfc9e46046 (deleted_user_8cbfc9e46046)",high,spam,"vpsdata",322722087070466048,"GFX spammer - reported by vpsdata","https://certifriedmultitool.com/evidence/1194723963683754035_0.png"
996737648284676117,"Scarlet (scarletdoesart_)",high,spam,"joehew",174920468309082113,"GFX spammer - reported by joehew","https://certifriedmultitool.com/evidence/1194016210489196654_0.png"
1163125895276544101,"Brantly (brantly0283)",high,spam,"orsokuma",685127470625980501,"GFX spammer - reported by orsokuma","https://certifriedmultitool.com/evidence/1193524331087667240_0.png"
1151601012759597177,"Emmavtuber (emmavtuber0984)",high,spam,"mineycart",534127122827051028,"GFX spammer - reported by mineycart","https://certifriedmultitool.com/evidence/1189652129305088111_0.png"
1136552927234900010,"Yoko Littner (sethivan.)",high,spam,"orsokuma",685127470625980501,"GFX spammer - reported by orsokuma","https://certifriedmultitool.com/evidence/1186866958415708261_0.png"
1162518712126013521,"𝒥𝓊𝓁𝒾𝒶 𝑀𝒶𝓇𝒾𝑒 (juliamarie0937)",high,spam,"mineycart",534127122827051028,"GFX spammer - reported by mineycart","https://certifriedmultitool.com/evidence/1184226789527146536_0.png"
1177675573087191162,"Emily (charilejack)",high,spam,"joehew",174920468309082113,"GFX spammer - reported by joehew","https://certifriedmultitool.com/evidence/1182694283103457340_0.jpg"
1174151126757675053,"deleted_user_e9a56bea0c14 (deleted_user_e9a56bea0c14)",high,spam,"joehew",174920468309082113,"GFX spammer - reported by joehew","https://certifriedmultitool.com/evidence/1175595203009183895_0.png"
1141390706863251477,"Madison_Web (madison_.web)",high,spam,"seelenmorder",462315941045469211,"GFX spammer - reported by seelenmorder","No image evidence - message content: 1141390706863251477
friend request, mentions they are an artist...yadda yadda yadda..."
794896310238445579,"Anna Ashely (annaashely)",high,spam,"mineycart",534127122827051028,"GFX spammer - reported by mineycart","https://certifriedmultitool.com/evidence/1174075000731471942_0.png"
1044649603707981847,"YazVt (yaz_vt1)",high,spam,"orsokuma",685127470625980501,"GFX spammer - reported by orsokuma","https://certifriedmultitool.com/evidence/1173973654439198832_0.png"
1156344298074275952,"Juliana (juliana_vt)",high,spam,"emeribd",662890344681177098,"GFX spammer - reported by emeribd","https://certifriedmultitool.com/evidence/1172354341760405535_0.png"
1149075460152639508,"ezraabel792 (ezraabel)",high,spam,"mineycart",534127122827051028,"GFX spammer - reported by mineycart","https://certifriedmultitool.com/evidence/1171895574124040202_0.png"
1147311552752517290,"Esho (esho0517)",high,spam,"mineycart",534127122827051028,"GFX spammer - reported by mineycart","https://certifriedmultitool.com/evidence/1171575074105610341_0.png"
1117531421335113878,"Jamaimahamelia (.ameliagfx)",high,spam,"emeribd",662890344681177098,"GFX spammer - reported by emeribd","https://certifriedmultitool.com/evidence/1170285452511682661_0.png"
1142474546818076782,"deleted_user_9859215c58bf (deleted_user_9859215c58bf)",high,spam,"orsokuma",685127470625980501,"GFX spammer - reported by orsokuma","https://certifriedmultitool.com/evidence/1168654298666770482_0.png"
1143272360930193459,"Amy Rose (ammy.rose)",high,spam,"orsokuma",685127470625980501,"GFX spammer - reported by orsokuma","https://certifriedmultitool.com/evidence/1167885799841333338_0.png"
1151179060429459549,"Steve (steve02318)",high,spam,"joehew",174920468309082113,"GFX spammer - reported by joehew","https://certifriedmultitool.com/evidence/1154556555560226909_0.png"
1144763607003975700,"Hailey_vtuber (hailey_vtuber_24761)",high,spam,"seelenmorder",462315941045469211,"GFX spammer - reported by seelenmorder","https://certifriedmultitool.com/evidence/1154555119208243231_0.jpg"
1146184430776492082,"Unknown/Deleted User",high,spam,"death420",365905620060340224,"GFX spammer - reported by death420","No image evidence - message content: https://discord.com/channels/889550752123613194/899865437267963924/1146184430776492082 
For the sake of one <@534127122827051028>"
534127122827051028,"Miney (mineycart)",high,spam,"death420",365905620060340224,"GFX spammer - reported by death420","No image evidence - message content: https://discord.com/channels/889550752123613194/899865437267963924/1146184430776492082 
For the sake of one <@534127122827051028>"
546279841712832512,"arumneeil 01 (arumneeil_01)",high,spam,"mineycart",534127122827051028,"GFX spammer - reported by mineycart","https://certifriedmultitool.com/evidence/1145418133629325392_0.png"
1138935700763443341,"jamesvtuber (24555ss)",high,spam,"orsokuma",685127470625980501,"GFX spammer - reported by orsokuma","https://certifriedmultitool.com/evidence/1143688176121172058_0.png"
1097247047444336690,"Franklin (franklinarts_)",high,spam,"orsokuma",685127470625980501,"GFX spammer - reported by orsokuma","https://certifriedmultitool.com/evidence/1142508864877641828_0.png"