"Message ID","Offender ID","Reported By","Timestamp","Image URL"
"1478083925925695610","1334454587490439182","orsokuma (685127470625980501)","2026-03-02T17:37:49.412000+00:00","https://cdn.discordapp.com/attachments/899865437267963924/1478083925673902280/image.png?ex=69a9bf6d&is=69a86ded&hm=81b4bf944c38c7eb3725ee79f3ea6fa2e29f0a9e0ccc4bb248dfeb71ff47d0ee&"
"1473965775139242171","742274334785273974","orsokuma (685127470625980501)","2026-02-19T08:53:45.753000+00:00","(no image)"
"1461105766323851458","474780704907984906","orsokuma (685127470625980501)","2026-01-14T21:12:40.724000+00:00","(no image)"
"1450642219668078767","1379615381572030516","collectonian (508695212554715177)","2025-12-17T00:14:16.798000+00:00","https://cdn.discordapp.com/attachments/899865437267963924/1450642219689054390/image.png?ex=69a97398&is=69a82218&hm=77f69d13a40785af2e28a0a7837d7ae5dda120d46decbd9b310d69d799d27988&"
"1443991201329184859","1230836294926733345","death420 (365905620060340224)","2025-11-28T15:45:30.456000+00:00","https://cdn.discordapp.com/attachments/899865437267963924/1443991201257885878/image.png?ex=69a9a51a&is=69a8539a&hm=3bd79a66c3bacfffee03b7bfdd85e946f83987e4589c482474026b05238cffd3&"
"1439337084761411765","400202288028844032","orsokuma (685127470625980501)","2025-11-15T19:31:42.597000+00:00","https://cdn.discordapp.com/attachments/899865437267963924/1439337084388114534/image.png?ex=69a9da1e&is=69a8889e&hm=79efd2386c05fb61d2882314ec15e1fc758bc66daa564512105b49081160457c&"
"1436521183150604389","999954938786488351","joehew (174920468309082113)","2025-11-08T01:02:19.336000+00:00","https://cdn.discordapp.com/attachments/899865437267963924/1436521182613471394/image.png?ex=69a97edb&is=69a82d5b&hm=3f9405192115d92f222e5600fd02d4ebc66f5572eaa359cfb35c4e68112208b3&"
"1396157987105538148","663325527586635797","foxvann (742452227104571414)","2025-07-19T15:53:23.487000+00:00","https://cdn.discordapp.com/attachments/899865437267963924/1396157986736701493/Captura_de_pantalla_2025-07-19_125125.png?ex=69a9a6f3&is=69a85573&hm=525d2101420be04f5221f7bdb354c9e547b9fce414f975d3021a1d9c1af03453&"
"1385366950779289681","1209828735587586132","death420 (365905620060340224)","2025-06-19T21:13:39.939000+00:00","(no image)"
"1344093026343059457","337872932372086784","wrench105 (805389643801034762)","2025-02-25T23:45:49.521000+00:00","https://cdn.discordapp.com/attachments/899865437267963924/1344093026443591774/image.png?ex=69a96ced&is=69a81b6d&hm=ba831149ecfebe0b4506ea780d38c13d9220b690511d9e860cb7e91dccd037da&"
"1329067142531907676","1060061384651571250","orsokuma (685127470625980501)","2025-01-15T12:38:19.653000+00:00","https://cdn.discordapp.com/attachments/899865437267963924/1329067142468997181/image.png?ex=69a9793b&is=69a827bb&hm=30579945adc0a3ed017ea2efde166eeb3df2f2e9813802b2085bec1cca3d6016&"
"1322680007910359050","1321942670117048362","death420 (365905620060340224)","2024-12-28T21:38:08.092000+00:00","(no image)"
"1322680007910359050","1321942670117048362","death420 (365905620060340224)","2024-12-28T21:38:08.092000+00:00","(no image)"
"1291725789494116424","838870528394788904","joehew (174920468309082113)","2024-10-04T11:37:07.320000+00:00","https://cdn.discordapp.com/attachments/899865437267963924/1291725789280210997/Screenshot_20241004_123622_Discord.jpg?ex=69a96ae3&is=69a81963&hm=09e5808175c17d039eb689f49a1831a695d6ba616e5751c5d3583c99c2aca1df&"
"1262388412950777886","889550752123613194","orsokuma (685127470625980501)","2024-07-15T12:40:51.690000+00:00","https://cdn.discordapp.com/attachments/899865437267963924/1262388412778938398/image.png?ex=69a979d3&is=69a82853&hm=aa905df4a024c978805d6661ca28b3e642a6382684446bc97718e7a14dbf8979&"
"1262388412950777886","899865437267963924","orsokuma (685127470625980501)","2024-07-15T12:40:51.690000+00:00","https://cdn.discordapp.com/attachments/899865437267963924/1262388412778938398/image.png?ex=69a979d3&is=69a82853&hm=aa905df4a024c978805d6661ca28b3e642a6382684446bc97718e7a14dbf8979&"
"1262388412950777886","1262388118422552597","orsokuma (685127470625980501)","2024-07-15T12:40:51.690000+00:00","https://cdn.discordapp.com/attachments/899865437267963924/1262388412778938398/image.png?ex=69a979d3&is=69a82853&hm=aa905df4a024c978805d6661ca28b3e642a6382684446bc97718e7a14dbf8979&"
"1262388118422552597","1168964497680109710","orsokuma (685127470625980501)","2024-07-15T12:39:41.469000+00:00","https://cdn.discordapp.com/attachments/899865437267963924/1262388118196191353/image.png?ex=69a9798d&is=69a8280d&hm=88e584a6722f7194f748a1f02a62ea735a477885d57329330cc2bf35ef11c15d&"
"1260323422274326548","962489445259571300","wrench105 (805389643801034762)","2024-07-09T19:55:19.547000+00:00","https://cdn.discordapp.com/attachments/899865437267963924/1260323422098161706/Screenshot_20240709-215223.png?ex=69a9dfa7&is=69a88e27&hm=37fde7e84624cd1c5cb0c7c5563953435365b8987bc1d9ed22344240df14858c&"
"1257515800928190485","1252296565050179736","orsokuma (685127470625980501)","2024-07-02T01:58:50.455000+00:00","https://cdn.discordapp.com/attachments/899865437267963924/1257515800751898624/image.png?ex=69a98c1a&is=69a83a9a&hm=8a4781bb848f179998f94e37f8b00699aedb64fc3bdb18dbb1aed4137e180ea6&"
"1256452609657667635","344360533090238475","death420 (365905620060340224)","2024-06-29T03:34:05.903000+00:00","https://cdn.discordapp.com/attachments/899865437267963924/1256452609485836318/image.png?ex=69a9a26d&is=69a850ed&hm=9049bb756e3673e041c94eccee3c0f7f1d33ec5156f5f527998c14fdcbbbfc19&"
"1256452609657667635","344360533090238475","death420 (365905620060340224)","2024-06-29T03:34:05.903000+00:00","https://cdn.discordapp.com/attachments/899865437267963924/1256452609485836318/image.png?ex=69a9a26d&is=69a850ed&hm=9049bb756e3673e041c94eccee3c0f7f1d33ec5156f5f527998c14fdcbbbfc19&"
"1242948105863827527","1176584054418702407","sheepwego (784142127171895306)","2024-05-22T21:12:01.297000+00:00","https://cdn.discordapp.com/attachments/899865437267963924/1242948106035662938/Skjermbilde_2024-05-22_230606.png?ex=69a9f1a1&is=69a8a021&hm=dbd1a8a86c40805502a796ac06e368b48683df5ec7f1728713c1b93912777d95&"
"1238247700294799420","1234980523068100711","collectonian (508695212554715177)","2024-05-09T21:54:17.280000+00:00","(no image)"
"1234480592796782622","826176197095719032","orsokuma (685127470625980501)","2024-04-29T12:25:08.863000+00:00","https://cdn.discordapp.com/attachments/899865437267963924/1234480592633069568/kalipo.png?ex=69a97624&is=69a824a4&hm=1c99df94ecbe54c701344529d2b687722bac7fda4c710b8f0a966407c2546ea8&"
"1230933291922882721","494654464259653645","joehew (174920468309082113)","2024-04-19T17:29:26.429000+00:00","https://cdn.discordapp.com/attachments/899865437267963924/1230933291700326591/Screenshot_20240419_182040_Discord.jpg?ex=69a9bd76&is=69a86bf6&hm=bf5b82f525b05a21d806279abeb8e7665a8d4784c3c68ef49c9ea21592622e9f&"
"1230211328120193104","1115591574479458421","yourwelshprincess (1049686866414280734)","2024-04-17T17:40:36.845000+00:00","https://cdn.discordapp.com/attachments/899865437267963924/1230211327231000727/Screenshot_20240417-182559_Discord.jpg?ex=69a9c014&is=69a86e94&hm=2b6712ca399ec03159c2e58e94a730a60bf512300a652d1b4a9720e3905653f6&"
"1230211328120193104","1115591574479458421","yourwelshprincess (1049686866414280734)","2024-04-17T17:40:36.845000+00:00","https://cdn.discordapp.com/attachments/899865437267963924/1230211327574806649/Screenshot_20240417-182605_Discord.jpg?ex=69a9c014&is=69a86e94&hm=2962df1da0ce10fc247ea29329e18c15f4a6ddc98d75001d9208a032d70e50cf&"
"1230211328120193104","1115591574479458421","yourwelshprincess (1049686866414280734)","2024-04-17T17:40:36.845000+00:00","https://cdn.discordapp.com/attachments/899865437267963924/1230211327880986788/IMG_20240418_012835.jpg?ex=69a9c014&is=69a86e94&hm=ed8143c81b5426e7b1f148b65428b69655e95c240154ecae9752436f115d2544&"
"1228745533154398308","408995145657221140","mineycart (534127122827051028)","2024-04-13T16:36:04.092000+00:00","https://cdn.discordapp.com/attachments/899865437267963924/1228745532734705735/image.png?ex=69a9b0f3&is=69a85f73&hm=be1c665f3bcc9fe2d38b2a4a9a799ee4e44de53000861c4e37d05a954fe44890&"
"1228745533154398308","408995145657221140","mineycart (534127122827051028)","2024-04-13T16:36:04.092000+00:00","https://cdn.discordapp.com/attachments/899865437267963924/1228745532969844887/image.png?ex=69a9b0f4&is=69a85f74&hm=822f6a35c4f12537e11766514e2f51c6f52bbbba26a92df9b2778f37b6ea94f5&"
"1227230327575941310","1201129044121485384","orsokuma (685127470625980501)","2024-04-09T12:15:10.931000+00:00","https://cdn.discordapp.com/attachments/899865437267963924/1227230327345381456/image.png?ex=69a973ce&is=69a8224e&hm=96b01282640d465f4dd773c4593bc1a6dbda3076cb7057716ce0bccff9f5d803&"
"1224451637569913074","485930298412892180","arturiafayth (132995743177768961)","2024-04-01T20:13:39.608000+00:00","(no image)"
"1224022272130547712","489882016809091072","death420 (365905620060340224)","2024-03-31T15:47:30.910000+00:00","(no image)"
"1223487195021836328","1178783723181850654","death420 (365905620060340224)","2024-03-30T04:21:18.586000+00:00","(no image)"
"1223487195021836328","1146565855786836038","death420 (365905620060340224)","2024-03-30T04:21:18.586000+00:00","(no image)"
"1222685218188562558","825441611135713290","maple_sedai (630887355414478878)","2024-03-27T23:14:32.409000+00:00","(no image)"
"1205833703016628264","181498520824578048","seelenmorder (462315941045469211)","2024-02-10T11:12:38.106000+00:00","https://cdn.discordapp.com/attachments/899865437267963924/1205833702660120586/Screenshot_20240210-061136_Discord.jpg?ex=69a96526&is=69a813a6&hm=e709da5bcea0a313dc0c8330a75e93fbbdaea2ed0c07510cd1c3ffefcdf0cb4a&"
"1201590146231975936","901686554030903328","mineycart (534127122827051028)","2024-01-29T18:10:15.327000+00:00","(no image)"
"1200560161274728530","306752459399888896","maple_sedai (630887355414478878)","2024-01-26T21:57:27.777000+00:00","(no image)"
"1199742815207440434","1168309521039499378","yourwelshprincess (1049686866414280734)","2024-01-24T15:49:37.289000+00:00","https://cdn.discordapp.com/attachments/899865437267963924/1199742815027077150/Screenshot_20240124-153504_Discord.jpg?ex=69a9a611&is=69a85491&hm=f4e5e65fb6072fd0cadc678cd3bc72834d0a95e30a52a728fc6f479f26b962a1&"
"1199351653778866206","492140129855733787","orsokuma (685127470625980501)","2024-01-23T13:55:17.137000+00:00","(no image)"
"1198936468526215250","1009967945407012884","shelkie (741558619547500615)","2024-01-22T10:25:29.259000+00:00","https://cdn.discordapp.com/attachments/899865437267963924/1198936468215844954/image.png?ex=69a95a19&is=69a80899&hm=21b667f0659851cb5edaecd21d891ff19302c16cf180377c0f3783209f4068f5&"
"1194183143419281468","889550752123613194","noobst3r (765967923164479488)","2024-01-09T07:37:28.241000+00:00","(no image)"
"1194183143419281468","957491067933052938","noobst3r (765967923164479488)","2024-01-09T07:37:28.241000+00:00","(no image)"
"1194183143419281468","1112062931157389503","noobst3r (765967923164479488)","2024-01-09T07:37:28.241000+00:00","(no image)"
"1194146847099469824","792417931425218580","vpsdata (322722087070466048)","2024-01-09T05:13:14.524000+00:00","(no image)"
"1193911890238251068","1161458790051364875","yourwelshprincess (1049686866414280734)","2024-01-08T13:39:36.443000+00:00","https://cdn.discordapp.com/attachments/899865437267963924/1193911889437130864/IMG_4541.png?ex=69a98798&is=69a83618&hm=a9de87024f40c5ac1df7d8cc223be1dc3c51d4b0b1933a39669e5defd9c84543&"
"1193911890238251068","1161458790051364875","yourwelshprincess (1049686866414280734)","2024-01-08T13:39:36.443000+00:00","https://cdn.discordapp.com/attachments/899865437267963924/1193911889948848178/IMG_4539.png?ex=69a98798&is=69a83618&hm=847dfd4d14da46c7c335c5dc7ea6c3448e2b17a421ee1d4298c0e496b6e22d4e&"
"1193868470379610192","1193495431733334098","vpsdata (322722087070466048)","2024-01-08T10:47:04.342000+00:00","https://cdn.discordapp.com/attachments/899865437267963924/1193868470199271495/image.png?ex=69a95f28&is=69a80da8&hm=cde239af4b82213607558b6e3d8c0457a8232ed7eeeab241b0c93ca0f2ff1079&"
"1192903679297208340","1136633667490426960","vpsdata (322722087070466048)","2024-01-05T18:53:20.223000+00:00","https://cdn.discordapp.com/attachments/899865437267963924/1192903679003594802/image.png?ex=69a9d120&is=69a87fa0&hm=be5a49b2e4669efb992ae146a4c53df14abf9ffdbb0f414240a80044c3248b8e&"
"1184090813446230086","1180498766403477559","yourwelshprincess (1049686866414280734)","2023-12-12T11:14:09.269000+00:00","https://cdn.discordapp.com/attachments/899865437267963924/1184090813031006258/IMG_20231212_072948.jpg?ex=69a96581&is=69a81401&hm=a3fc3c444220cae16eaa3db730b8403776029d2dd6ff561dd3e308d9c47bb519&"
"1182377057703972965","1141822719604834466","joehew (174920468309082113)","2023-12-07T17:44:18.060000+00:00","https://cdn.discordapp.com/attachments/899865437267963924/1182377057498439780/image.png?ex=69a9c0f2&is=69a86f72&hm=1e78f64ef1479d96a18fbb01e0dfcc2dfc26a281fb1453efcd0d7127a0f45ca0&"
"1181291098463817848","642864429943488515","joehew (174920468309082113)","2023-12-04T17:49:05.201000+00:00","https://cdn.discordapp.com/attachments/899865437267963924/1181291098195370034/image.png?ex=69a9c211&is=69a87091&hm=f9c5ec57d250c4d4f8c79a8d1fb3dfe3399a2260143fdfd6508b44139f4ecb81&"
"1180612195470549023","1180594549509328917","mineycart (534127122827051028)","2023-12-02T20:51:22.114000+00:00","(no image)"
"1178136513243000973","1133074560082788473","deathgirl1 (310550359233921035)","2023-11-26T00:53:53.475000+00:00","https://cdn.discordapp.com/attachments/899865437267963924/1178136513062653962/image.png?ex=69a97ce1&is=69a82b61&hm=af11ce1b85da756e27d2b1f3ca8f018ac36b346bb0a8e372c965950b48d4a115&"
"1175117712540844052","965779061316149301","deathgirl1 (310550359233921035)","2023-11-17T16:58:15.301000+00:00","https://cdn.discordapp.com/attachments/899865437267963924/1175117712284975254/image.png?ex=69a9b627&is=69a864a7&hm=b43a175e56b9b05d1642d56dc4a4762a04daef615dd13d660d16286fd4c55694&"
"1167855786559545485","440108203741544459","orsokuma (685127470625980501)","2023-10-28T16:01:57.227000+00:00","https://cdn.discordapp.com/attachments/899865437267963924/1167855786349826249/image.png?ex=69a9a8f5&is=69a85775&hm=661f7e0f6611a3c05a8cfee35e0af9490b22924e36deb0ed75978024b0b1d1f7&"
"1163907430095270059","1155143893566881866","orsokuma (685127470625980501)","2023-10-17T18:32:35.689000+00:00","https://cdn.discordapp.com/attachments/899865437267963924/1163907429906522274/image.png?ex=69a9cc43&is=69a87ac3&hm=f559a891a6530a2db60cd9ed95fbfa6c829a89e7f877653d4a895d4241b48e6f&"
"1162500136832872538","1146935829156085822","orsokuma (685127470625980501)","2023-10-13T21:20:30.829000+00:00","https://cdn.discordapp.com/attachments/899865437267963924/1162500133959766096/image.png?ex=69a9f39e&is=69a8a21e&hm=f7cc7725d612c93c3f901e19676d62d199688be729d3b5fd1cee04a4a8559b63&"
"1159228945640718367","997363093795504130","orsokuma (685127470625980501)","2023-10-04T20:41:58.073000+00:00","https://cdn.discordapp.com/attachments/899865437267963924/1159228945376493578/image.png?ex=69a9ea96&is=69a89916&hm=b43208ad3b0b1dafbe56aa3759568c278bc17431312089ee17070403ee171c52&"
"1155321362282451034","371673210917355522","death420 (365905620060340224)","2023-09-24T01:54:37.601000+00:00","https://cdn.discordapp.com/attachments/899865437267963924/1155321361980477461/Screenshot_135.png?ex=69a98b1d&is=69a8399d&hm=7beeb638e9c2c6d41444fdd55fa31b316d690ee980555d31ada09861aad81a3b&"
"1146419530873180221","946102915322478602","yourwelshprincess (1049686866414280734)","2023-08-30T12:21:55.605000+00:00","https://cdn.discordapp.com/attachments/899865437267963924/1146419530306957332/IMG_20230830_200439.jpg?ex=69a97563&is=69a823e3&hm=9ea42df699d327734e6fe8b79d5102d353f4abe3833a599a3ca56af7d454c152&"
"1146419530873180221","946102915322478602","yourwelshprincess (1049686866414280734)","2023-08-30T12:21:55.605000+00:00","https://cdn.discordapp.com/attachments/899865437267963924/1146419530596360305/IMG_20230830_200412.jpg?ex=69a97563&is=69a823e3&hm=af2e39c5181870077e7fe4b893aaa6c99899280b4b4db27f220a6b343da3e78f&"
"1146184430776492082","1090348903276220418","death420 (365905620060340224)","2023-08-29T20:47:43.374000+00:00","(no image)"
"1146184430776492082","1090348903276220418","death420 (365905620060340224)","2023-08-29T20:47:43.374000+00:00","(no image)"
"1141818364738687016","968207642227007508","orsokuma (685127470625980501)","2023-08-17T19:38:32.113000+00:00","https://cdn.discordapp.com/attachments/899865437267963924/1141818364503793735/image.png?ex=69a9dbb8&is=69a88a38&hm=e685e64dbda05711bb541000d4978dea4040b148c7b110b0b8c7f7413d82c9bf&"
"1139325045630578788","268480189065986059","littgame83 (598218835870351405)","2023-08-10T22:30:58.514000+00:00","https://cdn.discordapp.com/attachments/899865437267963924/1139325044745580564/image-2.png?ex=69a95b62&is=69a809e2&hm=199b048db47d728cbe5ef1b26cd2aba9b866ec37e68794a9e790576d39438697&"
"1139325045630578788","268480189065986059","littgame83 (598218835870351405)","2023-08-10T22:30:58.514000+00:00","https://cdn.discordapp.com/attachments/899865437267963924/1139325045047558234/Screenshot_20230810_111359_X.png?ex=69a95b62&is=69a809e2&hm=d7977b07a0188cc1f21931ea6f442426b26cf3a0da7756a7d2564450eaeb8d9e&"
"1139325045630578788","268480189065986059","littgame83 (598218835870351405)","2023-08-10T22:30:58.514000+00:00","https://cdn.discordapp.com/attachments/899865437267963924/1139325045336985612/IMG_0282.png?ex=69a95b62&is=69a809e2&hm=9d6166c87dc9321244671835eda1168b011cd7021b17f106d8b71fb102b8977e&"
"1138560622229991474","1136718796388827159","seelenmorder (462315941045469211)","2023-08-08T19:53:25.773000+00:00","(no image)"
"1134956777537020047","1130778939606962206","death420 (365905620060340224)","2023-07-29T21:13:02.242000+00:00","(no image)"
"1122232880823804075","1001440126171361382","joehew (174920468309082113)","2023-06-24T18:32:48.867000+00:00","https://cdn.discordapp.com/attachments/899865437267963924/1122232880689582140/Screenshot_20230624_193046_Discord.jpg?ex=69a9cc50&is=69a87ad0&hm=89f2b40d4dc480a0ed51308d8ac5c920567595f355044ea75223ce849dd18d18&"
"1120498180539305995","907417639209566248","death420 (365905620060340224)","2023-06-19T23:39:44.090000+00:00","(no image)"
"1116409119130271754","1086295068442378291","orsokuma (685127470625980501)","2023-06-08T16:51:15.879000+00:00","(no image)"
"1116409119130271754","557876807144046596","orsokuma (685127470625980501)","2023-06-08T16:51:15.879000+00:00","(no image)"
"1116409119130271754","1086295068442378291","orsokuma (685127470625980501)","2023-06-08T16:51:15.879000+00:00","(no image)"
"1111998224186748958","967023695589675039","yourwelshprincess (1049686866414280734)","2023-05-27T12:43:56.574000+00:00","https://cdn.discordapp.com/attachments/899865437267963924/1111998223255605278/IMG_20230527_201740.jpg?ex=69a97a8c&is=69a8290c&hm=9bda37990bd24570d3663a471577481daceef5e492f4a388ad3513e93bee8da4&"
"1111998224186748958","967023695589675039","yourwelshprincess (1049686866414280734)","2023-05-27T12:43:56.574000+00:00","https://cdn.discordapp.com/attachments/899865437267963924/1111998223540826175/IMG_20230527_201519.jpg?ex=69a97a8c&is=69a8290c&hm=e1142f249b02ffcfcf6a6948cc46893912cd89271565f19cf394c4eddab18e36&"
"1111998224186748958","967023695589675039","yourwelshprincess (1049686866414280734)","2023-05-27T12:43:56.574000+00:00","https://cdn.discordapp.com/attachments/899865437267963924/1111998223767322684/IMG_20230527_140703.jpg?ex=69a97a8c&is=69a8290c&hm=c9c09399f215dbdaeb05ff46d08e1cc7e9267a177b9a4ff33f286564be6b7f8d&"
"1111998224186748958","967023695589675039","yourwelshprincess (1049686866414280734)","2023-05-27T12:43:56.574000+00:00","https://cdn.discordapp.com/attachments/899865437267963924/1111998223977025536/IMG_20230527_140749.jpg?ex=69a97a8c&is=69a8290c&hm=1dc73bd2a66556cb142bdcb31ed25a946fad62307a7624af663cdc16cc885af6&"
"1111998224186748958","164909914374930434","yourwelshprincess (1049686866414280734)","2023-05-27T12:43:56.574000+00:00","https://cdn.discordapp.com/attachments/899865437267963924/1111998223255605278/IMG_20230527_201740.jpg?ex=69a97a8c&is=69a8290c&hm=9bda37990bd24570d3663a471577481daceef5e492f4a388ad3513e93bee8da4&"
"1111998224186748958","164909914374930434","yourwelshprincess (1049686866414280734)","2023-05-27T12:43:56.574000+00:00","https://cdn.discordapp.com/attachments/899865437267963924/1111998223540826175/IMG_20230527_201519.jpg?ex=69a97a8c&is=69a8290c&hm=e1142f249b02ffcfcf6a6948cc46893912cd89271565f19cf394c4eddab18e36&"
"1111998224186748958","164909914374930434","yourwelshprincess (1049686866414280734)","2023-05-27T12:43:56.574000+00:00","https://cdn.discordapp.com/attachments/899865437267963924/1111998223767322684/IMG_20230527_140703.jpg?ex=69a97a8c&is=69a8290c&hm=c9c09399f215dbdaeb05ff46d08e1cc7e9267a177b9a4ff33f286564be6b7f8d&"
"1111998224186748958","164909914374930434","yourwelshprincess (1049686866414280734)","2023-05-27T12:43:56.574000+00:00","https://cdn.discordapp.com/attachments/899865437267963924/1111998223977025536/IMG_20230527_140749.jpg?ex=69a97a8c&is=69a8290c&hm=1dc73bd2a66556cb142bdcb31ed25a946fad62307a7624af663cdc16cc885af6&"
"1110629416582787133","649021681398054922","joehew (174920468309082113)","2023-05-23T18:04:47.410000+00:00","(no image)"
"1110629416582787133","1086295068442378291","joehew (174920468309082113)","2023-05-23T18:04:47.410000+00:00","(no image)"
"1110629416582787133","980719203176816662","joehew (174920468309082113)","2023-05-23T18:04:47.410000+00:00","(no image)"
"1110629416582787133","459281050435059713","joehew (174920468309082113)","2023-05-23T18:04:47.410000+00:00","(no image)"
"1110629416582787133","229660076359680000","joehew (174920468309082113)","2023-05-23T18:04:47.410000+00:00","(no image)"
"1110627249276858508","980719203176816662","joehew (174920468309082113)","2023-05-23T17:56:10.684000+00:00","(no image)"
"1109260339457036319","985306773529456641","sheepwego (784142127171895306)","2023-05-19T23:24:33.987000+00:00","(no image)"
"1109260339457036319","1034587247468617759","sheepwego (784142127171895306)","2023-05-19T23:24:33.987000+00:00","(no image)"
"1103832522787410001","1048338889955364934","joehew (174920468309082113)","2023-05-04T23:56:21.649000+00:00","(no image)"
"1098986642800377917","1094379004838019264","joehew (174920468309082113)","2023-04-21T15:00:33.828000+00:00","https://cdn.discordapp.com/attachments/899865437267963924/1098986642569703554/image.png?ex=69a99a91&is=69a84911&hm=b8311504c449f415d3ae00d51f68a4f6693928bd88d45738022fa44709074abb&"
"1098828266023960616","629291784861777920","demoniarae (357266048770244628)","2023-04-21T04:31:13.862000+00:00","(no image)"
"1098828266023960616","857524119347134484","demoniarae (357266048770244628)","2023-04-21T04:31:13.862000+00:00","(no image)"
"1098652492218236969","922762407124828202","joehew (174920468309082113)","2023-04-20T16:52:46.121000+00:00","https://cdn.discordapp.com/attachments/899865437267963924/1098652491521982544/Screenshot_20230420_174842_Discord.jpg?ex=69a9b4dd&is=69a8635d&hm=b6fda8fde6cc1c9500d06587589e15521de3bad4267c3b3df63c915ea7132b66&"
"1098652492218236969","922762407124828202","joehew (174920468309082113)","2023-04-20T16:52:46.121000+00:00","https://cdn.discordapp.com/attachments/899865437267963924/1098652491777839236/Screenshot_20230420_174855_Discord.jpg?ex=69a9b4de&is=69a8635e&hm=5d777095058aa57e8fa27e4d0d3bb2aee1c7f9cc41a195bacd1b2b0833f22cab&"
"1098652492218236969","922762407124828202","joehew (174920468309082113)","2023-04-20T16:52:46.121000+00:00","https://cdn.discordapp.com/attachments/899865437267963924/1098652492008538182/Screenshot_20230420_175039_Discord.jpg?ex=69a9b4de&is=69a8635e&hm=0869785c4060806eb46192215ff3c93b60837343d32e88628a8f1acd22dce345&"
"1098334558228848860","1015176914803105822","axiiasto (687831251012681798)","2023-04-19T19:49:24.751000+00:00","https://cdn.discordapp.com/attachments/899865437267963924/1098334556706316398/IMG_4425.png?ex=69a9de44&is=69a88cc4&hm=af5594cf3184c4990cbf0d35f65a5b6e0a1037b120a1fc1da9e26ee97dbba9fc&"
"1098334558228848860","1015176914803105822","axiiasto (687831251012681798)","2023-04-19T19:49:24.751000+00:00","https://cdn.discordapp.com/attachments/899865437267963924/1098334556991533227/IMG_4426.png?ex=69a9de44&is=69a88cc4&hm=81eaab033cf93166bcbe2ae383692a8a7848c729768cfd084fbb1363c8dd650c&"
"1098334558228848860","1015176914803105822","axiiasto (687831251012681798)","2023-04-19T19:49:24.751000+00:00","https://cdn.discordapp.com/attachments/899865437267963924/1098334557255770202/IMG_4427.png?ex=69a9de44&is=69a88cc4&hm=4093ec3fbaab9ebc0de2efaedffb3645487096e109bc82829c4df6382d58a5d0&"
"1098334558228848860","1015176914803105822","axiiasto (687831251012681798)","2023-04-19T19:49:24.751000+00:00","https://cdn.discordapp.com/attachments/899865437267963924/1098334557574541373/IMG_4428.png?ex=69a9de44&is=69a88cc4&hm=07d8a713aaa8f565f5ac9a2262b7843b1431933b01c9909bef8b9120d1241dbc&"
"1098334558228848860","1015176914803105822","axiiasto (687831251012681798)","2023-04-19T19:49:24.751000+00:00","https://cdn.discordapp.com/attachments/899865437267963924/1098334557910077451/IMG_4429.png?ex=69a9de44&is=69a88cc4&hm=3fbc498efa99946930e50c59116d47b01c67164d1a8ffa40fcd08d30cbf98336&"
"1096606411955380357","1044453580628824074","axiiasto (687831251012681798)","2023-04-15T01:22:22.572000+00:00","(no image)"
"1094205083387969586","1067259988445237300","julesmm (465585651232931871)","2023-04-08T10:20:21.227000+00:00","(no image)"
"1090827814028185650","1037266257877147689","axiiasto (687831251012681798)","2023-03-30T02:40:17.465000+00:00","(no image)"
"1090827814028185650","1065026021805531227","axiiasto (687831251012681798)","2023-03-30T02:40:17.465000+00:00","(no image)"
"1090827814028185650","1053020017945481267","axiiasto (687831251012681798)","2023-03-30T02:40:17.465000+00:00","(no image)"
"1090827814028185650","1064408375997247519","axiiasto (687831251012681798)","2023-03-30T02:40:17.465000+00:00","(no image)"
"1090827814028185650","1047500214090612766","axiiasto (687831251012681798)","2023-03-30T02:40:17.465000+00:00","(no image)"
"1090827814028185650","1087795529234272442","axiiasto (687831251012681798)","2023-03-30T02:40:17.465000+00:00","(no image)"
"1090827814028185650","1086005061425041519","axiiasto (687831251012681798)","2023-03-30T02:40:17.465000+00:00","(no image)"
"1090827814028185650","874711686429438012","axiiasto (687831251012681798)","2023-03-30T02:40:17.465000+00:00","(no image)"
"1090827814028185650","1071502505810345984","axiiasto (687831251012681798)","2023-03-30T02:40:17.465000+00:00","(no image)"
"1090827814028185650","903022083599134761","axiiasto (687831251012681798)","2023-03-30T02:40:17.465000+00:00","(no image)"
"1090793584703316119","1066025060407705681","mineycart (534127122827051028)","2023-03-30T00:24:16.558000+00:00","(no image)"
"1088328240977936465","397212681985327104","joehew (174920468309082113)","2023-03-23T05:07:52.810000+00:00","https://cdn.discordapp.com/attachments/899865437267963924/1088328240738865152/Screenshot_20230323_050632_Discord.jpg?ex=69a9b868&is=69a866e8&hm=901680c551b9c660a748d5bdf168deeeac45b628c9a5022b87562f141389e236&"
"1087765771335250001","1075795021506285680","joehew (174920468309082113)","2023-03-21T15:52:49.597000+00:00","https://cdn.discordapp.com/attachments/899865437267963924/1087765770836136090/Screenshot_20230321_154549_Discord.jpg?ex=69a9a6d1&is=69a85551&hm=63a761047ab748d99613468a6756fb0481247a495f844aa6c4f527b7e1f65d48&"
"1087765771335250001","1075795021506285680","joehew (174920468309082113)","2023-03-21T15:52:49.597000+00:00","https://cdn.discordapp.com/attachments/899865437267963924/1087765771121336350/Screenshot_20230321_154847_Discord.jpg?ex=69a9a6d1&is=69a85551&hm=a5c0fd21ef2e5937634fe3086f0c97bc995e7f9e75f1a805c82c3fd7a14d6302&"
"1086349235827527780","1086348849741836348","queenofhearts710 (484540877910573068)","2023-03-17T18:04:01.214000+00:00","(no image)"
"1085294050741059626","809476416654540810","mineycart (534127122827051028)","2023-03-14T20:11:05.485000+00:00","(no image)"
"1079572218192875520","1079568091199053856","drewbusi (753529965579862016)","2023-02-27T01:14:34.299000+00:00","https://cdn.discordapp.com/attachments/899865437267963924/1079572217987338240/image.png?ex=69a981ba&is=69a8303a&hm=3a4dfc0d30b9b7f41c87ccdf2d3379bee20e04c461614e162a73b6e4f89197a5&"
"1079380939853017149","733731507151306824","death420 (365905620060340224)","2023-02-26T12:34:29.989000+00:00","(no image)"
"1079380939853017149","733731507151306824","death420 (365905620060340224)","2023-02-26T12:34:29.989000+00:00","(no image)"
"1077929877682008104","645324611826876427","fluffythewalrus (169224065494679552)","2023-02-22T12:28:29.808000+00:00","(no image)"
"1068413387438047264","1068408499073208410","queenofhearts710 (484540877910573068)","2023-01-27T06:13:21.726000+00:00","(no image)"
"1067525814708600832","798900523972820992","fluffythewalrus (169224065494679552)","2023-01-24T19:26:27.897000+00:00","(no image)"
"1064290471599419412","1064286880444711084","queenofhearts710 (484540877910573068)","2023-01-15T21:10:21.990000+00:00","(no image)"
"1064288454717997176","484540877910573068","joehew (174920468309082113)","2023-01-15T21:02:21.128000+00:00","(no image)"
"1063850783352815626","1063843587135127624","death420 (365905620060340224)","2023-01-14T16:03:12.143000+00:00","(no image)"
"1061269593815003247","1036642802697777202","joehew (174920468309082113)","2023-01-07T13:06:28.601000+00:00","https://cdn.discordapp.com/attachments/899865437267963924/1061269593601089637/Screenshot_20230107_125419_Discord.jpg?ex=69a97fd4&is=69a82e54&hm=a964c69e26970291781d531fde7196d96c8342bbd8bb4127d9a6e87840c51ff5&"
"1057020300455317534","816741498581811255","mineycart (534127122827051028)","2022-12-26T19:41:18.116000+00:00","https://cdn.discordapp.com/attachments/899865437267963924/1057020298932793424/image0_2.png?ex=69a9dc5d&is=69a88add&hm=39abd2002ec31de37ee593bb21594eeaadb2e748ec8bb32405cde066a0ca17fa&"
"1057020300455317534","816741498581811255","mineycart (534127122827051028)","2022-12-26T19:41:18.116000+00:00","https://cdn.discordapp.com/attachments/899865437267963924/1057020299247358052/IMG_7687.png?ex=69a9dc5d&is=69a88add&hm=2f82ea891ea5e672f66af3bedfbc08dee28b01afe0d03aa88516c3057be6414a&"
"1057020300455317534","816741498581811255","mineycart (534127122827051028)","2022-12-26T19:41:18.116000+00:00","https://cdn.discordapp.com/attachments/899865437267963924/1057020299708743790/IMG_7688.png?ex=69a9dc5d&is=69a88add&hm=5508655590b8a41cf6a87f7d4677e628061f1cb4f01e0a5175322135bb8daacf&"
"1057020300455317534","816741498581811255","mineycart (534127122827051028)","2022-12-26T19:41:18.116000+00:00","https://cdn.discordapp.com/attachments/899865437267963924/1057020300115587242/IMG_7693.png?ex=69a9dc5e&is=69a88ade&hm=8bac7cb7026105e873c7493f360b4c34c007699fadacc4e4e85f1bf4d833ccfa&"
"1050537435282550906","927675033902530652","mineycart (534127122827051028)","2022-12-08T22:20:42.613000+00:00","(no image)"
"1047127213348225024","547014366860410880","mrfluffynl (181886583983702016)","2022-11-29T12:29:42.345000+00:00","(no image)"
"1047127213348225024","277621699510403084","mrfluffynl (181886583983702016)","2022-11-29T12:29:42.345000+00:00","(no image)"
"1047127213348225024","277268519547043842","mrfluffynl (181886583983702016)","2022-11-29T12:29:42.345000+00:00","(no image)"
"1043063443462291478","747809055762022411","littgame83 (598218835870351405)","2022-11-18T07:21:44.103000+00:00","(no image)"
"1043063443462291478","1042949857888981022","littgame83 (598218835870351405)","2022-11-18T07:21:44.103000+00:00","(no image)"
"1041791645823279174","1023557005912330301","orsokuma (685127470625980501)","2022-11-14T19:08:03.917000+00:00","(no image)"
"1040039373929971752","894549713087500319","death420 (365905620060340224)","2022-11-09T23:05:09.742000+00:00","(no image)"
"1038979418862923787","348870586312818690","mineycart (534127122827051028)","2022-11-07T00:53:16.761000+00:00","(no image)"
"1038979418862923787","1034642414985555989","mineycart (534127122827051028)","2022-11-07T00:53:16.761000+00:00","(no image)"
"1038638759966674965","1023388803693559840","death420 (365905620060340224)","2022-11-06T02:19:37.351000+00:00","https://cdn.discordapp.com/attachments/899865437267963924/1038638759643721749/unknown.png?ex=69a990f9&is=69a83f79&hm=83b296a59490bed6435b56aa9d8c70968728218f42199c9ad450b0d50604fbe1&"
"1030449710374338580","751411247538372669","mineycart (534127122827051028)","2022-10-14T11:59:15.783000+00:00","(no image)"
"1024051631173664809","887377465612312596","death420 (365905620060340224)","2022-09-26T20:15:34.831000+00:00","https://cdn.discordapp.com/attachments/899865437267963924/1024051630754246666/unknown.png?ex=69a9e466&is=69a892e6&hm=d79a0f5aaea7b30ca4814e88c0ff51615b86b6bf9fc9cf2a152c4abfc36f084a&"
"1011086824292229220","672863662922268684","queenofhearts710 (484540877910573068)","2022-08-22T01:38:03.996000+00:00","(no image)"
"1011083895699157024","484540877910573068","vaping_whovian (672863662922268684)","2022-08-22T01:26:25.765000+00:00","(no image)"
"1004036103126397069","993243435391791194","mineycart (534127122827051028)","2022-08-02T14:41:01.074000+00:00","https://cdn.discordapp.com/attachments/899865437267963924/1004036102379802745/unknown.png?ex=69a995fc&is=69a8447c&hm=9b2149c2cd519c109847be9edcc46388049b92e4c1e284c75f56f853228977ae&"
"1001867294416326717","809120343239032863","death420 (365905620060340224)","2022-07-27T15:02:56.783000+00:00","https://cdn.discordapp.com/attachments/899865437267963924/1001867294043013281/unknown.png?ex=69a99b20&is=69a849a0&hm=624f171f0036baaedadf1b75ce03576e5f51faaeeddbed9e50f861760e8deaac&"
"1000902129533341716","625865941065924619","joehew (174920468309082113)","2022-07-24T23:07:43.543000+00:00","https://cdn.discordapp.com/attachments/899865437267963924/1000902128702857286/Screenshot_20220724-224408_Discord.jpg?ex=69a963ff&is=69a8127f&hm=c6c1c83d403a30ab3d6950e7ff3afd64bf8d043f7e3732f4d6e7d64d1021c49a&"
"999066483218980925","219203684188422144","death420 (365905620060340224)","2022-07-19T21:33:31.357000+00:00","(no image)"
"999066483218980925","384541554313920512","death420 (365905620060340224)","2022-07-19T21:33:31.357000+00:00","(no image)"
"999066483218980925","406880348333539331","death420 (365905620060340224)","2022-07-19T21:33:31.357000+00:00","(no image)"
"994194413448331344","994176100831867006","orsokuma (685127470625980501)","2022-07-06T10:53:39.405000+00:00","https://cdn.discordapp.com/attachments/899865437267963924/994194412643029092/Screenshot_2022-07-06_114913.png?ex=69a960b3&is=69a80f33&hm=46da32f801fe95a3a778225deedbec91fd5165601c3ce1acfeda4e35edf3d860&"
"992626970749833326","1542724962393505792","mineycart (534127122827051028)","2022-07-02T03:05:11.944000+00:00","(no image)"
"991467862051012660","982468788349984768","mineycart (534127122827051028)","2022-06-28T22:19:18.895000+00:00","https://cdn.discordapp.com/attachments/899865437267963924/991467861375725568/unknown.png?ex=69aa0166&is=69a8afe6&hm=eba936e0929fe4089dee84aa841dbb0acb806d9f7aaeb7d8314856f3295f2057&"
"987120020263960636","978828019336634480","mineycart (534127122827051028)","2022-06-16T22:22:32.634000+00:00","(no image)"
"987120020263960636","394871587062677504","mineycart (534127122827051028)","2022-06-16T22:22:32.634000+00:00","(no image)"
"987120020263960636","412282715149172736","mineycart (534127122827051028)","2022-06-16T22:22:32.634000+00:00","(no image)"
"987120020263960636","818920746322755626","mineycart (534127122827051028)","2022-06-16T22:22:32.634000+00:00","(no image)"
"987120020263960636","663081167125217340","mineycart (534127122827051028)","2022-06-16T22:22:32.634000+00:00","(no image)"
"986836887647952916","839763885657817128","death420 (365905620060340224)","2022-06-16T03:37:28.558000+00:00","(no image)"
"978655449316458566","804151021034536971","mineycart (534127122827051028)","2022-05-24T13:47:21.656000+00:00","https://cdn.discordapp.com/attachments/899865437267963924/978655448699908186/unknown.png?ex=69a98969&is=69a837e9&hm=492353d2859fa2ab5238097df6db63b4bd79fc3a3d0dc935f11a5627288fbf90&"
"958766436904501298","958749357388222554","death420 (365905620060340224)","2022-03-30T16:35:31.577000+00:00","(no image)"
"958766436904501298","958749357388222554","death420 (365905620060340224)","2022-03-30T16:35:31.577000+00:00","(no image)"
"956830972811304990","348496085381283852","orsokuma (685127470625980501)","2022-03-25T08:24:40.978000+00:00","(no image)"
"956830972811304990","348496085381283852","orsokuma (685127470625980501)","2022-03-25T08:24:40.978000+00:00","(no image)"
"937118744126324777","859802018197143622","blueishmeteor (141281787530706944)","2022-01-29T22:55:19.424000+00:00","(no image)"
"1442859239638040637","1401842785245728818","joehew (174920468309082113)","2025-11-25T12:47:29.758000+00:00","https://cdn.discordapp.com/attachments/1142508311594410086/1442859239168147639/image.png?ex=69a97b61&is=69a829e1&hm=07092e95d26f2043c8b0c006de054d8c32157463d3c384fa812743c8e01cef3c&"
"1370327346158243840","1143212062013661316","emeribd (662890344681177098)","2025-05-09T09:11:38.775000+00:00","(no image)"
"1265086195700990073","1185323984141697189","orsokuma (685127470625980501)","2024-07-22T23:20:53.220000+00:00","https://cdn.discordapp.com/attachments/1142508311594410086/1265086195470172232/image.png?ex=69a96715&is=69a81595&hm=52e10ad327b20e5d172844a820f4ab0865ccb7f78d86eccfcba321e59cacc041&"
"1257763397101948978","1044968528421335060","orsokuma (685127470625980501)","2024-07-02T18:22:41.983000+00:00","https://cdn.discordapp.com/attachments/1142508311594410086/1257763396787638332/image.png?ex=69a9c9f1&is=69a87871&hm=ae7bf4ba807af5bd22feb4b6ecbd93617421fe416b6002525fbc49e8d88a812d&"
"1250189336549527552","1044280778697220129","joehew (174920468309082113)","2024-06-11T20:46:05.228000+00:00","https://cdn.discordapp.com/attachments/1142508311594410086/1250189336238882836/Screenshot_20240611_214125_Discord.jpg?ex=69a9eb8d&is=69a89a0d&hm=31d5a892c087abcfc70b780c72aead5cd283d44a618d2c5c62c422457acf1c57&"
"1247662173073702914","1242882486577664101","orsokuma (685127470625980501)","2024-06-04T21:24:02.503000+00:00","https://cdn.discordapp.com/attachments/1142508311594410086/1247662173325496320/image.png?ex=69a9f472&is=69a8a2f2&hm=eb467d2a755b80e80ba7cc33b358aed52d957d39ab77268ad2e7c80c44952122&"
"1242971432015892552","1208519101719511123","joehew (174920468309082113)","2024-05-22T22:44:42.685000+00:00","https://cdn.discordapp.com/attachments/1142508311594410086/1242971431738806272/image.png?ex=69a95e9a&is=69a80d1a&hm=7b99eeab23d87f276187e9962807728ebf65a458a0b6883e86bdf182b824b4d8&"
"1242224746003959879","1146221212968689735","orsokuma (685127470625980501)","2024-05-20T21:17:38.867000+00:00","https://cdn.discordapp.com/attachments/1142508311594410086/1242224745806565386/image.png?ex=69a9f2f2&is=69a8a172&hm=006f615db0db630766ffe08b2a6fd03f10b625cd1ee690134f1504fc521d19fe&"
"1242174110872899604","1216868783063302206","orsokuma (685127470625980501)","2024-05-20T17:56:26.511000+00:00","https://cdn.discordapp.com/attachments/1142508311594410086/1242174110637752401/image.png?ex=69a9c3ca&is=69a8724a&hm=8d949e641b2de245debb5e668071bf329194e24ef50130fe5e6ab83777fd2357&"
"1234296411298992259","950063302560591872","joehew (174920468309082113)","2024-04-29T00:13:16.572000+00:00","https://cdn.discordapp.com/attachments/1142508311594410086/1234296410992803851/image-146.png?ex=69a9735c&is=69a821dc&hm=b6e27a212c5faa37a187b8851d3d46e006c9e6b6141307a895dc6006c70e68e5&"
"1233960761617940521","768808435310788628","orsokuma (685127470625980501)","2024-04-28T01:59:31.452000+00:00","https://cdn.discordapp.com/attachments/1142508311594410086/1233960761509023824/image.png?ex=69a98c43&is=69a83ac3&hm=dfb74154d5c9ed3c1c9eef4bece118669b9abbadc088e17a7a93b27c967f4f1e&"
"1233063298690322473","1082549950707142676","mineycart (534127122827051028)","2024-04-25T14:33:19.616000+00:00","https://cdn.discordapp.com/attachments/1142508311594410086/1233063298518483005/image.png?ex=69a9942f&is=69a842af&hm=929fd7152b2afa238c470fd51474bfcfed176b8dc39400cd8208cc6a810ba676&"
"1230214773975547935","1105102707657814027","orsokuma (685127470625980501)","2024-04-17T17:54:18.401000+00:00","https://cdn.discordapp.com/attachments/1142508311594410086/1230214773770293391/image.png?ex=69a9c34a&is=69a871ca&hm=c10461d7a0de5a5ff96094e7564b98326e182b0ec395d5f20cd20cf2c47e66e7&"
"1230194049965752420","964751249746579476","orsokuma (685127470625980501)","2024-04-17T16:31:57.412000+00:00","https://cdn.discordapp.com/attachments/1142508311594410086/1230194049781076020/image.png?ex=69a9affd&is=69a85e7d&hm=1d7a61733119a3f44741c956abc99a4cafaf3ac1c5adf2d76aeb573e4ff4e9b6&"
"1220100534149583069","1101966335312937123","joehew (174920468309082113)","2024-03-20T20:03:55.713000+00:00","https://cdn.discordapp.com/attachments/1142508311594410086/1220100533856108676/image.png?ex=69a9e1ab&is=69a8902b&hm=b58d9fbf540c5e539437d24a0a10bbb26d11b00aabae1bea473df5e71debc118&"
"1217961441626296432","1151491236293775410","mineycart (534127122827051028)","2024-03-14T22:23:56.313000+00:00","https://cdn.discordapp.com/attachments/1142508311594410086/1217961441345409104/image.png?ex=69a959bc&is=69a8083c&hm=2b27f7745b819b627857c17b369f4512da215f7e2882590a288ff9d9071197fc&"
"1215013418692649091","1185336499592507412","vpsdata (322722087070466048)","2024-03-06T19:09:32.874000+00:00","https://cdn.discordapp.com/attachments/1142508311594410086/1215013418445316197/image.png?ex=69a9d4ec&is=69a8836c&hm=34d18fdeae51da92367da9353544bc71ab5071f3b55411fb47cd82ea80de1b94&"
"1212873815118446663","555126192500637716","orsokuma (685127470625980501)","2024-02-29T21:27:31.630000+00:00","https://cdn.discordapp.com/attachments/1142508311594410086/1212873814946353232/image.png?ex=69a9f543&is=69a8a3c3&hm=e72ea61aa33bef9557b79113f158adb4e2e9b51b4b181e552a6279c3fa3af538&"
"1210683726401507348","1190676523011805285","seelenmorder (462315941045469211)","2024-02-23T20:24:53.790000+00:00","https://cdn.discordapp.com/attachments/1142508311594410086/1210683726225477773/Screenshot_20240223-151909_Discord.jpg?ex=69a9e695&is=69a89515&hm=26fa77946fcc8727e7e163904eb6c06253423582c3c1ea5627c0cbed4ab92aa9&"
"1196611423040720946","494932877902086155","joehew (174920468309082113)","2024-01-16T00:26:35.218000+00:00","https://cdn.discordapp.com/attachments/1142508311594410086/1196611422789042176/Screenshot_20240116_002314_Discord.jpg?ex=69a9767b&is=69a824fb&hm=4240a3622ec0f2229c1d71b68e11a7c6df802747695c1fd280904ff7ee486db5&"
"1195243513466601512","1073369122588606567","vpsdata (322722087070466048)","2024-01-12T05:51:00.161000+00:00","https://cdn.discordapp.com/attachments/1142508311594410086/1195243513198149712/image.png?ex=69a9c284&is=69a87104&hm=7c8ced94e1a097ef6b11a9d8ca6ac605445040848e39dc4e7503ab376159a37b&"
"1194723963683754035","1142922479640268920","vpsdata (322722087070466048)","2024-01-10T19:26:29.840000+00:00","https://cdn.discordapp.com/attachments/1142508311594410086/1194723963381751848/image.png?ex=69a9d8e5&is=69a88765&hm=b1cadadf1bd3028fb9047fb5c8ef05be3b3ca4ad046a1b925ac7604c50627a76&"
"1194016210489196654","996737648284676117","joehew (174920468309082113)","2024-01-08T20:34:08.329000+00:00","https://cdn.discordapp.com/attachments/1142508311594410086/1194016210241724416/image.png?ex=69a9e8c0&is=69a89740&hm=1ae74b5f3567d186b1faa8637b51fcae8d468d6428d4ba81c506a40a491b056f&"
"1193524331087667240","1163125895276544101","orsokuma (685127470625980501)","2024-01-07T11:59:35.141000+00:00","https://cdn.discordapp.com/attachments/1142508311594410086/1193524330831822908/image.png?ex=69a97027&is=69a81ea7&hm=af31d91245bec410af90c2ea0e73dd6965d0e35f799c0ced3947179187faf463&"
"1191411730685907004","1190676523011805285","joehew (174920468309082113)","2024-01-01T16:04:51.955000+00:00","https://cdn.discordapp.com/attachments/1142508311594410086/1191411730367131758/image-48.png?ex=69a9a9a3&is=69a85823&hm=95cfd8a392e841f50008576ab89c172e23d2c11a2a0bf7da7651fabfec54efb8&"
"1189652129305088111","1151601012759597177","mineycart (534127122827051028)","2023-12-27T19:32:50.294000+00:00","https://cdn.discordapp.com/attachments/1142508311594410086/1189652129036636301/image.png?ex=69a9da62&is=69a888e2&hm=8aec63a5d6df06d667e8cc54ee90248721882b2e023686f2366d63c31092e2bc&"
"1186866958415708261","1136552927234900010","orsokuma (685127470625980501)","2023-12-20T03:05:33.808000+00:00","https://cdn.discordapp.com/attachments/1142508311594410086/1186866958205984870/image.png?ex=69a99bbd&is=69a84a3d&hm=25e07c44b759bf418c9b06f7d45862753b162ddbe41a2014adc7f93833ddb9bc&"
"1184226789527146536","1162518712126013521","mineycart (534127122827051028)","2023-12-12T20:14:28.493000+00:00","https://cdn.discordapp.com/attachments/1142508311594410086/1184226789309030491/image.png?ex=69a9e424&is=69a892a4&hm=982bf0bfbc980d84b6b09960764da38bf730aee646315e83c192a7153968c7e7&"
"1182694283103457340","1177675573087191162","joehew (174920468309082113)","2023-12-08T14:44:50.489000+00:00","https://cdn.discordapp.com/attachments/1142508311594410086/1182694282876960830/Screenshot_20231208_143858_Discord.jpg?ex=69a996e2&is=69a84562&hm=3266f064b2dfebab6d8080368b81a1dcf1e890120deb7e38062a3b8b196ff9ed&"
"1175595203009183895","1174151126757675053","joehew (174920468309082113)","2023-11-19T00:35:37.900000+00:00","https://cdn.discordapp.com/attachments/1142508311594410086/1175595198940717066/image.png?ex=69a97898&is=69a82718&hm=ac966f9f31a6a2075a48990189d8efc9f56be2fe02e3d989190374bfc4d051dc&"
"1175215573920129024","1141390706863251477","seelenmorder (462315941045469211)","2023-11-17T23:27:07.272000+00:00","(no image)"
"1174075000731471942","794896310238445579","mineycart (534127122827051028)","2023-11-14T19:54:53.433000+00:00","https://cdn.discordapp.com/attachments/1142508311594410086/1174075000312045738/image.png?ex=69a9df8d&is=69a88e0d&hm=942c8f8b692c175b07638e5eabb848ec9752f9e681fc5834e0e42899834b1be4&"
"1173973654439198832","1044649603707981847","orsokuma (685127470625980501)","2023-11-14T13:12:10.594000+00:00","https://cdn.discordapp.com/attachments/1142508311594410086/1173973654229487717/image.png?ex=69a9812a&is=69a82faa&hm=a5eef9df59ebd61c1c522e5fd2fabf8960d59b962c5ec61cb0f27d0535927825&"
"1172354341760405535","1156344298074275952","emeribd (662890344681177098)","2023-11-10T01:57:36.366000+00:00","https://cdn.discordapp.com/attachments/1142508311594410086/1172354341559095396/image.png?ex=69a98bd0&is=69a83a50&hm=4d5978b02b6ca420222932e802b9b06fb3ae4e2af928213ee02ee38aef84023c&"
"1171895574124040202","1149075460152639508","mineycart (534127122827051028)","2023-11-08T19:34:37.638000+00:00","https://cdn.discordapp.com/attachments/1142508311594410086/1171895573952086047/image.png?ex=69a9dacd&is=69a8894d&hm=a8e7af916d521fcc3a25832bcae41c32c88d8071ce61b813c6ec5bc5e836269c&"
"1171575074105610341","1147311552752517290","mineycart (534127122827051028)","2023-11-07T22:21:04.479000+00:00","https://cdn.discordapp.com/attachments/1142508311594410086/1171575073912664084/image.png?ex=69aa01d0&is=69a8b050&hm=74f43bc605ff3eb10f69fb0298628af7847d01386952eeaf8af894479d5518ac&"
"1170285452511682661","1117531421335113878","emeribd (662890344681177098)","2023-11-04T08:56:34.731000+00:00","https://cdn.discordapp.com/attachments/1142508311594410086/1170285452285202452/image.png?ex=69a9ee02&is=69a89c82&hm=23e370ec29b4fdfd8bbd2420d418a6dc152bd93562f5ce3f6685113a652b3fa6&"
"1168654298666770482","1142474546818076782","orsokuma (685127470625980501)","2023-10-30T20:54:57.349000+00:00","https://cdn.discordapp.com/attachments/1142508311594410086/1168654298226372740/image.png?ex=69a9eda1&is=69a89c21&hm=3c00f754070f68d7ca69bee1a94d13ecd2dfbe316e3696ce9aae80bc5c5d91b8&"
"1168654298666770482","1142474546818076782","orsokuma (685127470625980501)","2023-10-30T20:54:57.349000+00:00","https://cdn.discordapp.com/attachments/1142508311594410086/1168654298226372740/image.png?ex=69a9eda1&is=69a89c21&hm=3c00f754070f68d7ca69bee1a94d13ecd2dfbe316e3696ce9aae80bc5c5d91b8&"
"1167885799841333338","1143272360930193459","orsokuma (685127470625980501)","2023-10-28T18:01:12.951000+00:00","https://cdn.discordapp.com/attachments/1142508311594410086/1167885799660998706/image.png?ex=69a9c4e8&is=69a87368&hm=fe6ff34f5a95df135407942de6e98bb78f82496b265edd407f040b6e6ae91dbe&"
"1154556555560226909","1151179060429459549","joehew (174920468309082113)","2023-09-21T23:15:33.469000+00:00","https://cdn.discordapp.com/attachments/1142508311594410086/1154556555690246194/image.png?ex=69a965d5&is=69a81455&hm=8fd1a77be2b6e6096357d93dca5c3e4d0bdd8373f63cf8f655a24c83a4120d94&"
"1154555119208243231","1144763607003975700","seelenmorder (462315941045469211)","2023-09-21T23:09:51.016000+00:00","https://cdn.discordapp.com/attachments/1142508311594410086/1154555119053049917/Screenshot_20230921-190241_Discord.jpg?ex=69a9647e&is=69a812fe&hm=6a1504024967f8a60b96fc62be460e31b3243e5e35f6b77823aa7c9cd1c4b3da&"
"1146190145251442798","889550752123613194","death420 (365905620060340224)","2023-08-29T21:10:25.811000+00:00","(no image)"
"1146190145251442798","899865437267963924","death420 (365905620060340224)","2023-08-29T21:10:25.811000+00:00","(no image)"
"1146190145251442798","1146184430776492082","death420 (365905620060340224)","2023-08-29T21:10:25.811000+00:00","(no image)"
"1146190145251442798","534127122827051028","death420 (365905620060340224)","2023-08-29T21:10:25.811000+00:00","(no image)"
"1145418133629325392","546279841712832512","mineycart (534127122827051028)","2023-08-27T18:02:43.897000+00:00","https://cdn.discordapp.com/attachments/1142508311594410086/1145418133448958012/image.png?ex=69a9c543&is=69a873c3&hm=82bca6d5090f1c40644b960d33c4cae09bdae9bbdee57dbf073631d689a5b124&"
"1143688176121172058","1138935700763443341","orsokuma (685127470625980501)","2023-08-22T23:28:29.886000+00:00","https://cdn.discordapp.com/attachments/1142508311594410086/1143688175924023347/image.png?ex=69a968dd&is=69a8175d&hm=29c6e983c6218f9d69ac8b05bc40bb2e1e07d97ae28234bef83582c20f6a35fd&"
"1142508864877641828","1097247047444336690","orsokuma (685127470625980501)","2023-08-19T17:22:20.175000+00:00","https://cdn.discordapp.com/attachments/1142508311594410086/1142508864634368081/image.png?ex=69a9bbcc&is=69a86a4c&hm=82f1e5e2de368b5a32df5d7d399326ac707b7ce1e96c5e7554382b0f47af93e4&"