[
  {
    "id": "844406178799943730",
    "name": "DabFam Lounge",
    "icon": "5fad1be665c5c5a58252d5df532dcab0",
    "channels": [
      {
        "id": "844406462620631092",
        "name": "👉discord-updates👈"
      },
      {
        "id": "844406664744271882",
        "name": "👋ayo👋"
      },
      {
        "id": "872943922844934206",
        "name": "👋fuck-you-dabrip👋"
      },
      {
        "id": "844406462620631091",
        "name": "💯rules💯"
      },
      {
        "id": "1309141859989327983",
        "name": "🤔technical🤔💭"
      },
      {
        "id": "866729350749880390",
        "name": "🤤food-appreciation🤤"
      },
      {
        "id": "866939541948203008",
        "name": "😮announcements😮"
      },
      {
        "id": "847964320633847858",
        "name": "420-appreciation"
      },
      {
        "id": "925460986176090162",
        "name": "admin-logs"
      },
      {
        "id": "925492950153171034",
        "name": "bot-spam"
      },
      {
        "id": "1308428738081456140",
        "name": "certifried-live-announcer"
      },
      {
        "id": "925460833738317874",
        "name": "channel-logs"
      },
      {
        "id": "1309141907632558181",
        "name": "clips"
      },
      {
        "id": "1347564034530217995",
        "name": "community-logos"
      },
      {
        "id": "1322279969740685392",
        "name": "credit-where-its-due"
      },
      {
        "id": "869020541443518524",
        "name": "credit-where-its-due"
      },
      {
        "id": "1335034328819699744",
        "name": "general-chat"
      },
      {
        "id": "925462011414994955",
        "name": "invite-log"
      },
      {
        "id": "925460893377105950",
        "name": "join-leave-logs"
      },
      {
        "id": "925461260408066118",
        "name": "member-logs"
      },
      {
        "id": "1345060474802147348",
        "name": "memes-and-reels"
      },
      {
        "id": "925461349297979482",
        "name": "message-logs"
      },
      {
        "id": "1409886571947098215",
        "name": "modlogs"
      },
      {
        "id": "934506614789111808",
        "name": "pets"
      },
      {
        "id": "1402250725987454996",
        "name": "proof"
      },
      {
        "id": "1381259664632582255",
        "name": "request-auto-live-announce"
      },
      {
        "id": "925461304817360896",
        "name": "role-logs"
      },
      {
        "id": "1309141981871603762",
        "name": "selfies"
      },
      {
        "id": "1048965703077736551",
        "name": "show-your-setups"
      },
      {
        "id": "1372406427137740871",
        "name": "vent-space"
      },
      {
        "id": "925461904460218398",
        "name": "voice-logs"
      },
      {
        "id": "1409886571033006171",
        "name": "wick-logs"
      },
      {
        "id": "1089516645577392139",
        "name": "work-rants-and-discussions"
      }
    ],
    "roles": [
      {
        "id": "857579412748107787",
        "name": "[24/7 live | Owner]"
      },
      {
        "id": "844406178799943730",
        "name": "@everyone"
      },
      {
        "id": "857584458117677086",
        "name": "=============="
      },
      {
        "id": "857584461374160948",
        "name": "=============="
      },
      {
        "id": "857584462848851979",
        "name": "=============="
      },
      {
        "id": "857584463360819201",
        "name": "=============="
      },
      {
        "id": "857584464825024512",
        "name": "=============="
      },
      {
        "id": "866936255735136274",
        "name": "18+"
      },
      {
        "id": "857583886129037314",
        "name": "Admin"
      },
      {
        "id": "1035858474908782672",
        "name": "Admin"
      },
      {
        "id": "1410030525065723985",
        "name": "Bot Manager"
      },
      {
        "id": "872955934371090472",
        "name": "bots"
      },
      {
        "id": "1410634809495126101",
        "name": "CertiFried Announcer"
      },
      {
        "id": "1008398123535708312",
        "name": "Close Friends"
      },
      {
        "id": "857578939584872449",
        "name": "Community Manager"
      },
      {
        "id": "850684238448558090",
        "name": "Discord Dabber (booster)"
      },
      {
        "id": "857578973029597185",
        "name": "Founders"
      },
      {
        "id": "866573081509232701",
        "name": "GFX Designer"
      },
      {
        "id": "1410143392687722496",
        "name": "Live Streamer"
      },
      {
        "id": "857584423407058944",
        "name": "Loyal Dabber (vip)"
      },
      {
        "id": "1081004271425830925",
        "name": "ProBot ✨"
      },
      {
        "id": "1409886519497457804",
        "name": "Quarantine"
      },
      {
        "id": "1068139627954851903",
        "name": "Spoticord Music"
      },
      {
        "id": "857584464899997706",
        "name": "Streamer"
      },
      {
        "id": "1380361640427393074",
        "name": "Twitch Mods"
      },
      {
        "id": "1409885804859490410",
        "name": "Wick"
      }
    ]
  },
  {
    "id": "1396733259357880340",
    "name": "CreatorBridge⸸",
    "icon": null,
    "channels": [
      {
        "id": "1396733260716970016",
        "name": "general"
      },
      {
        "id": "1396734042593955861",
        "name": "join-logs"
      }
    ],
    "roles": [
      {
        "id": "1396733259357880340",
        "name": "@everyone"
      },
      {
        "id": "1396735468950913146",
        "name": "Admin"
      },
      {
        "id": "1396735483987361832",
        "name": "Bot"
      },
      {
        "id": "1410632397170544713",
        "name": "CertiFried Announcer"
      },
      {
        "id": "1396737731392045068",
        "name": "CreatorBridge"
      },
      {
        "id": "1410631644687110215",
        "name": "Live Bot"
      },
      {
        "id": "1396735450336727191",
        "name": "Moderator"
      },
      {
        "id": "1396735430627692574",
        "name": "Muted"
      },
      {
        "id": "1396734073824608327",
        "name": "Quarantine"
      },
      {
        "id": "1396735410914459698",
        "name": "Trusted"
      }
    ]
  }
]